cluster,centroid_x,centroid_y,n_fixations,sum_duration_s
0,0.4790520195,0.3584314095,2,2.962748
1,0.47973021025,0.37655029075,4,0.9007479999999999
