cluster,centroid_x,centroid_y,n_fixations,sum_duration_s
0,0.6361267552008996,0.29391097206335803,2,1.7917489999999998
