cluster,centroid_x,centroid_y,n_fixations,sum_duration_s
0,0.5484910873266368,0.323527459303538,3,1.105999
