cluster,centroid_x,centroid_y,n_fixations,sum_duration_s
0,0.4969008160818472,0.3918306464012193,2,3.3331139999999997
1,0.5584795430066094,0.35021249169395086,2,2.026992
