recording_id,participant_id,level_name,window_s,src_quad,prev_quad,dst_quad,f_0,f_1,f_2,f_3,f_4,f_5,f_6,f_7,f_8,f_9,f_10,f_11,f_12
2025-09-26_16-24-13-61db42a9,61db42a9,waldo_3,10.0,0,0,0,1.0,0.0,0.0,0.0,1.0,0.0,0.0,0.0,0.24025000631809235,0.25331923365592957,0.5600463151931763,0.19231604039669037,0.3637255132198334
2025-09-26_16-24-13-61db42a9,61db42a9,waldo_3,10.0,0,0,2,1.0,0.0,0.0,0.0,1.0,0.0,0.0,0.0,0.7206249833106995,0.12560224533081055,0.44837862253189087,0.21259620785713196,0.48767971992492676
2025-09-26_16-24-13-61db42a9,61db42a9,waldo_3,10.0,2,0,0,0.0,0.0,1.0,0.0,1.0,0.0,0.0,0.0,0.33537501096725464,0.23262140154838562,0.5420486927032471,0.1819562464952469,0.7182744145393372
2025-09-26_16-24-13-61db42a9,61db42a9,waldo_3,10.0,0,2,2,1.0,0.0,0.0,0.0,0.0,0.0,1.0,0.0,0.29537901282310486,0.36447039246559143,-0.20544135570526123,0.47311392426490784,0.4990350902080536
2025-09-26_16-24-13-61db42a9,61db42a9,waldo_3,10.0,2,0,2,0.0,0.0,1.0,0.0,1.0,0.0,0.0,0.0,0.17512500286102295,0.053464315831661224,0.6289119720458984,0.45204854011535645,0.5481745004653931
2025-09-26_16-24-13-61db42a9,61db42a9,waldo_3,10.0,2,2,3,0.0,0.0,1.0,0.0,0.0,0.0,1.0,0.0,0.2302509993314743,0.06705281138420105,0.45612508058547974,0.46126165986061096,0.6145913600921631
2025-09-26_16-24-13-61db42a9,61db42a9,waldo_3,10.0,3,2,3,0.0,0.0,0.0,1.0,0.0,0.0,1.0,0.0,0.4053860008716583,0.18105047941207886,-0.03891563415527344,0.6409607529640198,0.592511773109436
2025-09-26_16-24-13-61db42a9,61db42a9,waldo_3,10.0,3,3,3,0.0,0.0,0.0,1.0,0.0,0.0,0.0,1.0,0.3102549910545349,0.08427470922470093,0.3837929666042328,0.6710484623908997,0.6712324619293213
2025-09-26_16-24-13-61db42a9,61db42a9,waldo_3,10.0,3,3,3,0.0,0.0,0.0,1.0,0.0,0.0,0.0,1.0,0.16512499749660492,0.052242498844861984,0.27282553911209106,0.7052478790283203,0.7107253074645996
2025-09-26_16-24-13-61db42a9,61db42a9,waldo_3,10.0,3,3,3,0.0,0.0,0.0,1.0,0.0,0.0,0.0,1.0,0.24012500047683716,0.19156989455223083,-0.3826458156108856,0.7742865085601807,0.532028079032898
2025-09-26_16-24-13-61db42a9,61db42a9,waldo_3,10.0,3,3,1,0.0,0.0,0.0,1.0,0.0,0.0,0.0,1.0,0.2551249861717224,0.06600251793861389,-0.8828958868980408,0.712700366973877,0.5082902312278748
2025-09-26_16-24-13-61db42a9,61db42a9,waldo_3,10.0,1,3,1,0.0,1.0,0.0,0.0,0.0,0.0,0.0,1.0,0.20513099431991577,0.10232944786548615,-0.8601542711257935,0.6200888156890869,0.46476536989212036
2025-09-26_16-24-13-61db42a9,61db42a9,waldo_3,10.0,1,1,0,0.0,1.0,0.0,0.0,0.0,1.0,0.0,0.0,0.1401209980249405,0.0566575787961483,-0.8366100788116455,0.5707329511642456,0.4369431734085083
2025-09-26_16-24-13-61db42a9,61db42a9,waldo_3,10.0,0,1,0,1.0,0.0,0.0,0.0,0.0,1.0,0.0,0.0,0.12012500315904617,0.14813752472400665,-0.9165174961090088,0.4276610314846039,0.3985353112220764
2025-09-26_16-24-13-61db42a9,61db42a9,waldo_3,10.0,0,0,0,1.0,0.0,0.0,0.0,1.0,0.0,0.0,0.0,0.31025001406669617,0.06592980027198792,-0.40182197093963623,0.4476752281188965,0.33571675419807434
2025-09-26_16-24-13-61db42a9,61db42a9,waldo_3,10.0,0,0,0,1.0,0.0,0.0,0.0,1.0,0.0,0.0,0.0,0.23524999618530273,0.06211434304714203,-0.43927210569381714,0.4594537913799286,0.2747294008731842
2025-09-26_16-24-13-61db42a9,61db42a9,waldo_3,10.0,0,0,0,1.0,0.0,0.0,0.0,1.0,0.0,0.0,0.0,0.26025399565696716,0.14437000453472137,-0.6207844614982605,0.4059770107269287,0.14062894880771637
2025-09-26_16-24-13-61db42a9,61db42a9,waldo_3,10.0,0,0,0,1.0,0.0,0.0,0.0,1.0,0.0,0.0,0.0,0.155239999294281,0.1591867357492447,-0.8838947415351868,0.2572630047798157,0.08384374529123306
2025-09-26_16-24-13-61db42a9,61db42a9,waldo_3,10.0,0,0,0,1.0,0.0,0.0,0.0,1.0,0.0,0.0,0.0,0.6556239724159241,0.10359346866607666,-0.9780455231666565,0.15391583740711212,0.07670436054468155
2025-09-26_16-24-13-61db42a9,61db42a9,waldo_3,10.0,0,0,0,1.0,0.0,0.0,0.0,1.0,0.0,0.0,0.0,0.2552500069141388,0.146110400557518,-0.020044703036546707,0.2997366487979889,0.06750953197479248
2025-09-26_16-24-13-61db42a9,61db42a9,waldo_3,10.0,0,0,0,1.0,0.0,0.0,0.0,1.0,0.0,0.0,0.0,0.1902499943971634,0.05159354582428932,0.017163297161459923,0.3512552082538605,0.07029011100530624
2025-09-26_16-24-13-61db42a9,61db42a9,waldo_3,10.0,0,0,0,1.0,0.0,0.0,0.0,1.0,0.0,0.0,0.0,0.28525999188423157,0.10702671110630035,0.14005686342716217,0.4480877220630646,0.115877166390419
2025-09-26_16-24-13-61db42a9,61db42a9,waldo_3,10.0,0,0,1,1.0,0.0,0.0,0.0,1.0,0.0,0.0,0.0,0.14012500643730164,0.02482927218079567,-0.9497243762016296,0.4235675036907196,0.11197178065776825
2025-09-26_16-24-13-61db42a9,61db42a9,waldo_3,10.0,1,0,1,0.0,1.0,0.0,0.0,1.0,0.0,0.0,0.0,0.38024699687957764,0.1916576623916626,0.05111940577626228,0.6127589344978333,0.14261916279792786
2025-09-26_16-24-13-61db42a9,61db42a9,waldo_3,10.0,1,1,1,0.0,1.0,0.0,0.0,0.0,1.0,0.0,0.0,1.030869960784912,0.15072180330753326,-0.01212132815271616,0.763371467590332,0.136881023645401
2025-09-26_16-24-13-61db42a9,61db42a9,waldo_3,10.0,1,1,1,0.0,1.0,0.0,0.0,0.0,1.0,0.0,0.0,0.2602500021457672,0.09549180418252945,0.6651618480682373,0.7160170674324036,0.21980415284633636
2025-09-26_16-24-13-61db42a9,61db42a9,waldo_3,10.0,1,1,1,0.0,1.0,0.0,0.0,0.0,1.0,0.0,0.0,0.3152500092983246,0.0999109223484993,0.9030596017837524,0.6207037568092346,0.2497635781764984
2025-09-26_16-24-13-61db42a9,61db42a9,waldo_3,10.0,1,1,0,0.0,1.0,0.0,0.0,0.0,1.0,0.0,0.0,0.195250004529953,0.05323820561170578,-0.8132302761077881,0.5763700604438782,0.22028765082359314
2025-09-26_16-24-13-61db42a9,61db42a9,waldo_4,10.0,1,1,1,0.0,1.0,0.0,0.0,0.0,1.0,0.0,0.0,0.14512500166893005,0.17602349817752838,0.14648829400539398,0.7118574380874634,0.451440691947937
2025-09-26_16-24-13-61db42a9,61db42a9,waldo_4,10.0,1,1,1,0.0,1.0,0.0,0.0,0.0,1.0,0.0,0.0,0.4955030083656311,0.16197119653224945,-0.46561163663864136,0.7293218374252319,0.2904137670993805
2025-09-26_16-24-13-61db42a9,61db42a9,waldo_4,10.0,1,1,3,0.0,1.0,0.0,0.0,0.0,1.0,0.0,0.0,0.195251002907753,0.0876777395606041,0.5369187593460083,0.7191754579544067,0.37750244140625
2025-09-26_16-24-13-61db42a9,61db42a9,waldo_4,10.0,3,1,3,0.0,0.0,0.0,1.0,0.0,1.0,0.0,0.0,0.2652420103549957,0.3941849172115326,0.5267657041549683,0.6860687136650085,0.7702946066856384
2025-09-26_16-24-13-61db42a9,61db42a9,waldo_4,10.0,3,3,2,0.0,0.0,0.0,1.0,0.0,0.0,0.0,1.0,0.2502540051937103,0.0834493339061737,0.9684507846832275,0.6030288934707642,0.7785521745681763
2025-09-26_16-24-13-61db42a9,61db42a9,waldo_4,10.0,2,3,2,0.0,0.0,1.0,0.0,0.0,0.0,0.0,1.0,0.1751289963722229,0.21354934573173523,-0.9765506386756897,0.3900587558746338,0.7628345489501953
2025-09-26_16-24-13-61db42a9,61db42a9,waldo_4,10.0,2,2,2,0.0,0.0,1.0,0.0,0.0,0.0,1.0,0.0,0.21525000035762787,0.20052139461040497,0.9856249094009399,0.1897418200969696,0.7718871235847473
2025-09-26_16-24-13-61db42a9,61db42a9,waldo_4,10.0,2,2,2,0.0,0.0,1.0,0.0,0.0,0.0,1.0,0.0,0.3803749978542328,0.14965903759002686,-0.4006812870502472,0.23568426072597504,0.6294542551040649
2025-09-26_16-24-13-61db42a9,61db42a9,waldo_4,10.0,2,2,2,0.0,0.0,1.0,0.0,0.0,0.0,1.0,0.0,0.3153870105743408,0.17203927040100098,0.459760457277298,0.25737494230270386,0.8001207113265991
2025-09-26_16-24-13-61db42a9,61db42a9,waldo_4,10.0,2,2,0,0.0,0.0,1.0,0.0,0.0,0.0,1.0,0.0,0.10512500256299973,0.042518239468336105,-0.7797176241874695,0.22463811933994293,0.7729895114898682
2025-09-26_16-24-13-61db42a9,61db42a9,waldo_4,10.0,0,2,0,1.0,0.0,0.0,0.0,0.0,0.0,1.0,0.0,0.1601240038871765,0.4587882459163666,-0.5107351541519165,0.2091681957244873,0.3144621253013611
2025-09-26_16-24-13-61db42a9,61db42a9,waldo_4,10.0,0,0,0,1.0,0.0,0.0,0.0,1.0,0.0,0.0,0.0,0.3453750014305115,0.13043048977851868,-0.5337858200073242,0.19535012543201447,0.18476566672325134
2025-09-26_16-24-13-61db42a9,61db42a9,waldo_4,10.0,0,0,0,1.0,0.0,0.0,0.0,1.0,0.0,0.0,0.0,0.2952449917793274,0.043489184230566025,-0.002099276753142476,0.23883835971355438,0.18447886407375336
2025-09-26_16-24-13-61db42a9,61db42a9,waldo_4,10.0,0,0,0,1.0,0.0,0.0,0.0,1.0,0.0,0.0,0.0,0.2251249998807907,0.04963100701570511,0.9546759724617004,0.1897096335887909,0.19152194261550903
2025-09-26_16-24-13-61db42a9,61db42a9,waldo_4,10.0,0,0,0,1.0,0.0,0.0,0.0,1.0,0.0,0.0,0.0,0.16512499749660492,0.04407742619514465,0.08951614052057266,0.23205554485321045,0.20375479757785797
2025-09-26_16-24-13-61db42a9,61db42a9,waldo_4,10.0,0,0,0,1.0,0.0,0.0,0.0,1.0,0.0,0.0,0.0,0.195250004529953,0.17402853071689606,0.22561180591583252,0.3641704022884369,0.3170314431190491
2025-09-26_16-24-13-61db42a9,61db42a9,waldo_4,10.0,0,0,1,1.0,0.0,0.0,0.0,1.0,0.0,0.0,0.0,0.30524998903274536,0.05570229887962341,-0.07774576544761658,0.4182194769382477,0.303561270236969
2025-09-26_16-24-13-61db42a9,61db42a9,waldo_4,10.0,1,0,1,0.0,1.0,0.0,0.0,1.0,0.0,0.0,0.0,0.5455009937286377,0.13808363676071167,0.08262991905212402,0.5516766309738159,0.33900511264801025
2025-09-26_16-24-13-61db42a9,61db42a9,waldo_4,10.0,1,1,1,0.0,1.0,0.0,0.0,0.0,1.0,0.0,0.0,0.2251249998807907,0.14791056513786316,0.12041332572698593,0.6891295909881592,0.3936331272125244
2025-09-26_16-24-13-61db42a9,61db42a9,waldo_4,10.0,1,1,1,0.0,1.0,0.0,0.0,0.0,1.0,0.0,0.0,0.3252600133419037,0.03291842341423035,-0.1508152037858963,0.7184217572212219,0.3786134123802185
2025-09-26_16-24-13-61db42a9,61db42a9,waldo_4,10.0,1,1,1,0.0,1.0,0.0,0.0,0.0,1.0,0.0,0.0,0.23524899780750275,0.12818758189678192,-0.46737563610076904,0.7315370440483093,0.25109854340553284
2025-09-26_16-24-13-61db42a9,61db42a9,waldo_4,10.0,1,1,1,0.0,1.0,0.0,0.0,0.0,1.0,0.0,0.0,0.3453739881515503,0.1060997024178505,0.9709807634353638,0.6258779168128967,0.2607578933238983
2025-09-26_16-24-13-61db42a9,61db42a9,waldo_4,10.0,1,1,0,0.0,1.0,0.0,0.0,0.0,1.0,0.0,0.0,0.13512200117111206,0.053759969770908356,-0.9080922603607178,0.5743433833122253,0.2454501986503601
2025-09-26_16-24-13-61db42a9,61db42a9,waldo_4,10.0,0,1,1,1.0,0.0,0.0,0.0,0.0,1.0,0.0,0.0,0.5956329703330994,0.19662389159202576,0.6359339356422424,0.4929044246673584,0.4244157075881958
2025-09-26_16-24-13-61db42a9,61db42a9,waldo_4,10.0,1,0,0,0.0,1.0,0.0,0.0,1.0,0.0,0.0,0.0,0.1751279979944229,0.13941346108913422,0.11334137618541718,0.6235728859901428,0.47301462292671204
2025-09-26_16-24-13-61db42a9,61db42a9,waldo_4,10.0,0,1,0,1.0,0.0,0.0,0.0,0.0,1.0,0.0,0.0,0.1951269954442978,0.26242536306381226,-0.9772951602935791,0.36181485652923584,0.45431187748908997
2025-09-26_16-24-13-61db42a9,61db42a9,waldo_4,10.0,0,0,0,1.0,0.0,0.0,0.0,1.0,0.0,0.0,0.0,0.3503679931163788,0.025765856727957726,0.9203593730926514,0.33685123920440674,0.4606913924217224
2025-09-26_16-24-13-61db42a9,61db42a9,waldo_4,10.0,0,0,0,1.0,0.0,0.0,0.0,1.0,0.0,0.0,0.0,0.16512499749660492,0.14082011580467224,-0.5041441917419434,0.3350179195404053,0.31988319754600525
2025-09-26_16-24-13-61db42a9,61db42a9,waldo_4,10.0,0,0,1,1.0,0.0,0.0,0.0,1.0,0.0,0.0,0.0,0.280256986618042,0.15700487792491913,0.5335835218429565,0.31848371028900146,0.4760150611400604
2025-09-26_16-24-13-61db42a9,61db42a9,waldo_4,10.0,1,0,1,0.0,1.0,0.0,0.0,1.0,0.0,0.0,0.0,0.1851319968700409,0.19227223098278046,-0.03139100596308708,0.5098217129707336,0.4570842981338501
2025-09-26_16-45-00-95032692,95032692,waldo_1,10.0,3,3,3,0.0,0.0,0.0,1.0,0.0,0.0,0.0,1.0,1.481374979019165,0.023679783567786217,-0.4636591374874115,0.7886597514152527,0.7006958723068237
2025-09-26_16-45-00-95032692,95032692,waldo_1,10.0,3,3,2,0.0,0.0,0.0,1.0,0.0,0.0,0.0,1.0,0.3603709936141968,0.25717100501060486,0.6207252144813538,0.6934442520141602,0.939591109752655
2025-09-26_16-45-00-95032692,95032692,waldo_1,10.0,2,3,2,0.0,0.0,1.0,0.0,0.0,0.0,0.0,1.0,0.23025600612163544,0.23857705295085907,-0.8393022418022156,0.4846300184726715,0.8241977095603943
2025-09-26_16-45-00-95032692,95032692,waldo_1,10.0,2,2,3,0.0,0.0,1.0,0.0,0.0,0.0,1.0,0.0,0.290241003036499,0.06250868737697601,-0.571753740310669,0.4706583023071289,0.7632704973220825
2025-09-26_16-45-00-95032692,95032692,waldo_1,10.0,3,2,3,0.0,0.0,0.0,1.0,0.0,0.0,1.0,0.0,0.19012999534606934,0.11288027465343475,-0.332718163728714,0.5272872447967529,0.6656225919723511
2025-09-26_16-45-00-95032692,95032692,waldo_1,10.0,3,3,0,0.0,0.0,0.0,1.0,0.0,0.0,0.0,1.0,0.16524499654769897,0.06971002370119095,-0.4369876980781555,0.5409970283508301,0.5972740054130554
2025-09-26_16-45-00-95032692,95032692,waldo_1,10.0,0,3,2,1.0,0.0,0.0,0.0,0.0,0.0,0.0,1.0,0.43038299679756165,0.13894687592983246,-0.6084257364273071,0.4945775866508484,0.46631038188934326
2025-09-26_16-45-00-95032692,95032692,waldo_1,10.0,2,0,2,0.0,0.0,1.0,0.0,1.0,0.0,0.0,0.0,0.33037400245666504,0.10236293822526932,0.7246488928794861,0.4281840920448303,0.544221043586731
2025-09-26_16-45-00-95032692,95032692,waldo_1,10.0,2,2,2,0.0,0.0,1.0,0.0,0.0,0.0,1.0,0.0,0.30024999380111694,0.06110542640089989,0.6991465091705322,0.3923999071121216,0.5937525033950806
2025-09-26_16-45-00-95032692,95032692,waldo_1,10.0,2,2,0,0.0,0.0,1.0,0.0,0.0,0.0,1.0,0.0,0.43050000071525574,0.09154267609119415,-0.7207576036453247,0.3338806927204132,0.5233567357063293
2025-09-26_16-45-00-95032692,95032692,waldo_1,10.0,0,2,2,1.0,0.0,0.0,0.0,0.0,0.0,1.0,0.0,0.11012899875640869,0.0759592056274414,-0.6934107542037964,0.2905145585536957,0.4609934389591217
2025-09-26_16-45-00-95032692,95032692,waldo_1,10.0,2,0,2,0.0,0.0,1.0,0.0,1.0,0.0,0.0,0.0,0.27024999260902405,0.2817550003528595,0.28145140409469604,0.46912020444869995,0.6789060235023499
2025-09-26_16-45-00-95032692,95032692,waldo_1,10.0,2,2,3,0.0,0.0,1.0,0.0,0.0,0.0,1.0,0.0,0.16011099517345428,0.060444146394729614,-0.5450278520584106,0.46059828996658325,0.6190656423568726
2025-09-26_16-45-00-95032692,95032692,waldo_1,10.0,3,2,1,0.0,0.0,0.0,1.0,0.0,0.0,1.0,0.0,0.21512499451637268,0.04165772348642349,0.007548494730144739,0.5022442936897278,0.6200534701347351
2025-09-26_16-45-00-95032692,95032692,waldo_1,10.0,1,3,0,0.0,1.0,0.0,0.0,0.0,0.0,0.0,1.0,0.5254999995231628,0.29925042390823364,-0.4936359226703644,0.5082269310951233,0.32086285948753357
2025-09-26_16-45-00-95032692,95032692,waldo_1,10.0,0,1,1,1.0,0.0,0.0,0.0,0.0,1.0,0.0,0.0,0.20524999499320984,0.035991813987493515,0.9385268092155457,0.4729042053222656,0.3277705907821655
2025-09-26_16-45-00-95032692,95032692,waldo_1,10.0,1,0,0,0.0,1.0,0.0,0.0,1.0,0.0,0.0,0.0,0.5304949879646301,0.08549591153860092,-0.31375718116760254,0.5201220512390137,0.25649628043174744
2025-09-26_16-45-00-95032692,95032692,waldo_1,10.0,0,1,1,1.0,0.0,0.0,0.0,0.0,1.0,0.0,0.0,0.10012900084257126,0.051670271903276443,-0.7712154984474182,0.4812334179878235,0.2224743813276291
2025-09-26_16-45-00-95032692,95032692,waldo_1,10.0,1,0,0,0.0,1.0,0.0,0.0,1.0,0.0,0.0,0.0,0.33024901151657104,0.06500241160392761,0.20475217700004578,0.5332452058792114,0.26146265864372253
2025-09-26_16-45-00-95032692,95032692,waldo_1,10.0,0,1,0,1.0,0.0,0.0,0.0,0.0,1.0,0.0,0.0,0.4053780138492584,0.16821271181106567,0.9898217916488647,0.36511850357055664,0.26684048771858215
2025-09-26_16-45-00-95032692,95032692,waldo_1,10.0,0,0,0,1.0,0.0,0.0,0.0,1.0,0.0,0.0,0.0,1.1961250305175781,0.015168177895247936,0.41525718569755554,0.3691091537475586,0.2814742922782898
2025-09-26_16-45-00-95032692,95032692,waldo_1,10.0,0,0,0,1.0,0.0,0.0,0.0,1.0,0.0,0.0,0.0,0.20011800527572632,0.06783675402402878,-0.9731094241142273,0.30151432752609253,0.2757503092288971
2025-09-26_16-45-00-95032692,95032692,waldo_1,10.0,0,0,0,1.0,0.0,0.0,0.0,1.0,0.0,0.0,0.0,0.21512100100517273,1.08919095993042,-0.7941097021102905,-0.5676624178886414,-0.38065555691719055
2025-09-26_16-45-00-95032692,95032692,waldo_1,10.0,0,0,0,1.0,0.0,0.0,0.0,1.0,0.0,0.0,0.0,0.17025600373744965,1.0563178062438965,0.17625468969345093,0.33081406354904175,0.174814835190773
2025-09-26_16-45-00-95032692,95032692,waldo_1,10.0,0,0,0,1.0,0.0,0.0,0.0,1.0,0.0,0.0,0.0,0.15012499690055847,0.1270112544298172,0.7182299494743347,0.25039950013160706,0.27312737703323364
2025-09-26_16-45-00-95032692,95032692,waldo_2,10.0,1,1,1,0.0,1.0,0.0,0.0,0.0,1.0,0.0,0.0,0.5604990124702454,0.10327685624361038,0.6183796525001526,0.5809944272041321,0.2706128656864166
2025-09-26_16-45-00-95032692,95032692,waldo_2,10.0,1,1,3,0.0,1.0,0.0,0.0,0.0,1.0,0.0,0.0,1.7316240072250366,0.03125494346022606,-0.8389537930488586,0.5536551475524902,0.2554657459259033
2025-09-26_16-45-00-95032692,95032692,waldo_2,10.0,3,1,2,0.0,0.0,0.0,1.0,0.0,1.0,0.0,0.0,0.09499900043010712,0.34196823835372925,0.5056326389312744,0.5476042032241821,0.5973804593086243
2025-09-26_16-45-00-95032692,95032692,waldo_2,10.0,2,3,1,0.0,0.0,1.0,0.0,0.0,0.0,0.0,1.0,0.20012900233268738,0.0865192860364914,0.7684565186500549,0.4829833209514618,0.654910683631897
2025-09-26_16-45-00-95032692,95032692,waldo_2,10.0,1,2,1,0.0,1.0,0.0,0.0,0.0,0.0,1.0,0.0,0.11000599712133408,0.30626335740089417,-0.4332994520664215,0.5466909408569336,0.3553467094898224
2025-09-26_16-45-00-95032692,95032692,waldo_2,10.0,1,1,1,0.0,1.0,0.0,0.0,0.0,1.0,0.0,0.0,0.3402499854564667,0.07063347101211548,-0.41477370262145996,0.5653776526451111,0.2872299551963806
2025-09-26_16-45-00-95032692,95032692,waldo_2,10.0,1,1,3,0.0,1.0,0.0,0.0,0.0,1.0,0.0,0.0,0.20524999499320984,0.1188812404870987,0.5625677704811096,0.5421602129936218,0.4038219749927521
2025-09-26_16-45-00-95032692,95032692,waldo_2,10.0,3,1,1,0.0,0.0,0.0,1.0,0.0,1.0,0.0,0.0,0.22023800015449524,0.201925128698349,0.5553629398345947,0.5072166323661804,0.6027005910873413
2025-09-26_16-45-00-95032692,95032692,waldo_2,10.0,1,3,1,0.0,1.0,0.0,0.0,0.0,0.0,0.0,1.0,0.2952499985694885,0.22137250006198883,-0.4619200825691223,0.5336366891860962,0.3829103112220764
2025-09-26_16-45-00-95032692,95032692,waldo_2,10.0,1,1,0,0.0,1.0,0.0,0.0,0.0,1.0,0.0,0.0,0.9709979891777039,0.050413407385349274,-0.5074456930160522,0.5324575901031494,0.33251070976257324
2025-09-26_16-45-00-95032692,95032692,waldo_2,10.0,0,1,2,1.0,0.0,0.0,0.0,0.0,1.0,0.0,0.0,0.24025000631809235,0.06425023078918457,0.8209735155105591,0.47810426354408264,0.3667716383934021
2025-09-26_16-45-00-95032692,95032692,waldo_2,10.0,2,0,0,0.0,0.0,1.0,0.0,1.0,0.0,0.0,0.0,0.195250004529953,0.21384888887405396,0.4765937924385071,0.49381497502326965,0.5800426006317139
2025-09-26_16-45-00-95032692,95032692,waldo_2,10.0,0,2,2,1.0,0.0,0.0,0.0,0.0,0.0,1.0,0.0,0.18012499809265137,0.1517665833234787,-0.5003283619880676,0.4936584234237671,0.4282761216163635
2025-09-26_16-45-00-95032692,95032692,waldo_2,10.0,2,0,2,0.0,0.0,1.0,0.0,1.0,0.0,0.0,0.0,0.08513099700212479,0.21651187539100647,0.5017018914222717,0.49250081181526184,0.6447849273681641
2025-09-26_16-45-00-95032692,95032692,waldo_2,10.0,2,2,2,0.0,0.0,1.0,0.0,0.0,0.0,1.0,0.0,0.28025999665260315,0.1026005893945694,-0.5435478687286377,0.4785078167915344,0.5431429743766785
2025-09-26_16-45-00-95032692,95032692,waldo_2,10.0,2,2,2,0.0,0.0,1.0,0.0,0.0,0.0,1.0,0.0,0.0951249971985817,0.20169532299041748,-0.9866459369659424,0.27698996663093567,0.5346837639808655
2025-09-26_16-45-00-95032692,95032692,waldo_2,10.0,2,2,0,0.0,0.0,1.0,0.0,0.0,0.0,1.0,0.0,0.5105000138282776,0.15433473885059357,0.2053890824317932,0.4002957344055176,0.6275002360343933
2025-09-26_19-01-53-2ec86210,2ec86210,waldo_1,10.0,3,3,3,0.0,0.0,0.0,1.0,0.0,0.0,0.0,1.0,0.1301250010728836,0.09767019003629684,0.9723062515258789,0.7285059690475464,0.5106884241104126
2025-09-26_19-01-53-2ec86210,2ec86210,waldo_1,10.0,3,3,1,0.0,0.0,0.0,1.0,0.0,0.0,0.0,1.0,0.08512499928474426,0.16363324224948883,0.9248669147491455,0.5694099068641663,0.5489543676376343
2025-09-26_19-01-53-2ec86210,2ec86210,waldo_1,10.0,1,3,0,0.0,1.0,0.0,0.0,0.0,0.0,0.0,1.0,0.07512500137090683,0.12357990443706512,-0.6010904312133789,0.5308191776275635,0.43155437707901
2025-09-26_19-01-53-2ec86210,2ec86210,waldo_1,10.0,0,1,0,1.0,0.0,0.0,0.0,0.0,1.0,0.0,0.0,0.09998899698257446,1.0074166059494019,-0.8949248790740967,-0.4222058355808258,0.10500973463058472
2025-09-26_19-01-53-2ec86210,2ec86210,waldo_1,10.0,0,0,0,1.0,0.0,0.0,0.0,1.0,0.0,0.0,0.0,0.10512500256299973,0.758271336555481,0.08888398110866547,0.30669456720352173,0.31400641798973083
2025-09-26_19-01-53-2ec86210,2ec86210,waldo_1,10.0,0,0,1,1.0,0.0,0.0,0.0,1.0,0.0,0.0,0.0,0.08511199802160263,0.2499285191297531,0.2306547611951828,0.49382835626602173,0.4796724021434784
2025-09-26_19-01-53-2ec86210,2ec86210,waldo_1,10.0,1,0,1,0.0,1.0,0.0,0.0,1.0,0.0,0.0,0.0,0.07512500137090683,0.07094775140285492,-0.4508613646030426,0.504737377166748,0.40956833958625793
2025-09-26_19-01-53-2ec86210,2ec86210,waldo_1,10.0,1,1,1,0.0,1.0,0.0,0.0,0.0,1.0,0.0,0.0,0.114996999502182,0.015895573422312737,0.454130619764328,0.5070200562477112,0.42529916763305664
2025-09-26_19-01-53-2ec86210,2ec86210,waldo_1,10.0,1,1,1,0.0,1.0,0.0,0.0,0.0,1.0,0.0,0.0,0.07999599725008011,0.06556569039821625,-0.16870570182800293,0.563590407371521,0.392153263092041
2025-09-26_19-01-53-2ec86210,2ec86210,waldo_1,10.0,1,1,1,0.0,1.0,0.0,0.0,0.0,1.0,0.0,0.0,0.07999999821186066,0.056188419461250305,0.6448382139205933,0.5388965606689453,0.442624568939209
2025-09-26_19-01-53-2ec86210,2ec86210,waldo_1,10.0,1,1,0,0.0,1.0,0.0,0.0,0.0,1.0,0.0,0.0,0.10012499988079071,0.018528809770941734,0.9393650889396667,0.5207029581069946,0.4461328089237213
2025-09-26_19-01-53-2ec86210,2ec86210,waldo_1,10.0,0,1,0,1.0,0.0,0.0,0.0,0.0,1.0,0.0,0.0,0.0949999988079071,0.0834466740489006,-0.75179123878479,0.46136611700057983,0.3874600827693939
2025-09-26_19-01-53-2ec86210,2ec86210,waldo_2,10.0,0,1,2,1.0,0.0,0.0,0.0,0.0,1.0,0.0,0.0,0.1251250058412552,0.23594462871551514,0.9554324150085449,0.3325742483139038,0.4824182093143463
2025-09-26_19-01-53-2ec86210,2ec86210,waldo_2,10.0,2,0,0,0.0,0.0,1.0,0.0,1.0,0.0,0.0,0.0,0.08012499660253525,0.08248346298933029,0.12736521661281586,0.4085423946380615,0.5145485997200012
2025-09-26_19-01-53-2ec86210,2ec86210,waldo_2,10.0,0,2,1,1.0,0.0,0.0,0.0,0.0,0.0,1.0,0.0,0.10012499988079071,0.08950445055961609,-0.16502301394939423,0.48628556728363037,0.47019723057746887
2025-09-26_19-01-53-2ec86210,2ec86210,waldo_2,10.0,1,0,2,0.0,1.0,0.0,0.0,1.0,0.0,0.0,0.0,0.26524999737739563,0.08030258119106293,-0.1767198145389557,0.5545271039009094,0.4278699457645416
2025-09-26_19-01-53-2ec86210,2ec86210,waldo_2,10.0,2,1,3,0.0,0.0,1.0,0.0,0.0,1.0,0.0,0.0,0.07999999821186066,0.3181414008140564,0.6570343971252441,0.40386533737182617,0.7080751657485962
2025-09-26_19-01-53-2ec86210,2ec86210,waldo_2,10.0,3,2,3,0.0,0.0,0.0,1.0,0.0,0.0,1.0,0.0,0.0751200020313263,0.3562941253185272,-0.149073988199234,0.7217949628829956,0.5472452640533447
2025-09-26_19-01-53-2ec86210,2ec86210,waldo_2,10.0,3,3,1,0.0,0.0,0.0,1.0,0.0,0.0,0.0,1.0,0.15012499690055847,0.022244416177272797,0.6931210160255432,0.7091119289398193,0.5655197501182556
2025-09-26_19-01-53-2ec86210,2ec86210,waldo_2,10.0,1,3,1,0.0,1.0,0.0,0.0,0.0,0.0,0.0,1.0,0.08013299852609634,0.15680210292339325,-0.5819293856620789,0.6691969633102417,0.4138830006122589
2025-09-26_19-01-53-2ec86210,2ec86210,waldo_3,10.0,2,1,0,0.0,0.0,1.0,0.0,0.0,1.0,0.0,0.0,0.07011900097131729,0.3701789975166321,0.7748416662216187,0.34551969170570374,0.5949070453643799
2025-09-26_19-01-53-2ec86210,2ec86210,waldo_3,10.0,0,2,0,1.0,0.0,0.0,0.0,0.0,0.0,1.0,0.0,0.1652500033378601,0.27667534351348877,-0.6034904718399048,0.2571420669555664,0.33272647857666016
2025-09-26_19-01-53-2ec86210,2ec86210,waldo_3,10.0,0,0,0,1.0,0.0,0.0,0.0,1.0,0.0,0.0,0.0,0.08999300003051758,0.010574901476502419,0.13420110940933228,0.2667909562587738,0.3370540142059326
2025-09-26_19-01-53-2ec86210,2ec86210,waldo_3,10.0,0,0,0,1.0,0.0,0.0,0.0,1.0,0.0,0.0,0.0,0.0801360011100769,0.16101686656475067,0.10466325283050537,0.419181764125824,0.3890489935874939
2025-09-26_19-01-53-2ec86210,2ec86210,waldo_3,10.0,0,0,1,1.0,0.0,0.0,0.0,1.0,0.0,0.0,0.0,0.10512500256299973,0.06295308470726013,-0.07393977046012878,0.480444073677063,0.37455686926841736
2025-09-26_19-01-53-2ec86210,2ec86210,waldo_3,10.0,1,0,1,0.0,1.0,0.0,0.0,1.0,0.0,0.0,0.0,0.15512999892234802,0.04128069058060646,0.26217567920684814,0.5084962844848633,0.4048416316509247
2025-09-26_19-01-53-2ec86210,2ec86210,waldo_3,10.0,1,1,1,0.0,1.0,0.0,0.0,0.0,1.0,0.0,0.0,0.12012500315904617,0.04726267606019974,0.4102689027786255,0.5216438174247742,0.45023879408836365
2025-09-26_19-01-53-2ec86210,2ec86210,waldo_4,10.0,1,1,1,0.0,1.0,0.0,0.0,0.0,1.0,0.0,0.0,0.07512199878692627,0.16485439240932465,0.07722318917512894,0.7670099139213562,0.4847780466079712
2025-09-26_19-01-53-2ec86210,2ec86210,waldo_4,10.0,1,1,0,0.0,1.0,0.0,0.0,0.0,1.0,0.0,0.0,0.07999999821186066,0.027105584740638733,-0.5291666984558105,0.7645297050476074,0.4577861726284027
2025-09-26_19-10-19-05411873,05411873,waldo_1,10.0,1,3,0,0.0,1.0,0.0,0.0,0.0,0.0,0.0,1.0,0.34037500619888306,0.24904337525367737,-0.5122025609016418,0.5889297723770142,0.4315594434738159
2025-09-26_19-10-19-05411873,05411873,waldo_1,10.0,0,1,0,1.0,0.0,0.0,0.0,0.0,1.0,0.0,0.0,0.24025000631809235,0.3101300299167633,-0.8269431591033936,0.32351619005203247,0.2711341977119446
2025-09-26_19-10-19-05411873,05411873,waldo_1,10.0,0,0,0,1.0,0.0,0.0,0.0,1.0,0.0,0.0,0.0,0.1902499943971634,0.18871240317821503,0.589138388633728,0.27135783433914185,0.45249536633491516
2025-09-26_19-10-19-05411873,05411873,waldo_1,10.0,0,0,0,1.0,0.0,0.0,0.0,1.0,0.0,0.0,0.0,0.29037898778915405,0.07693801075220108,-0.5410984754562378,0.2614516019821167,0.3761977553367615
2025-09-26_19-10-19-05411873,05411873,waldo_1,10.0,0,0,0,1.0,0.0,0.0,0.0,1.0,0.0,0.0,0.0,0.3553819954395294,0.13439519703388214,-0.0817549005150795,0.3914382755756378,0.34205788373947144
2025-09-26_19-10-19-05411873,05411873,waldo_1,10.0,0,0,0,1.0,0.0,0.0,0.0,1.0,0.0,0.0,0.0,0.21512000262737274,0.053459152579307556,-0.5961166024208069,0.37553998827934265,0.29101744294166565
2025-09-26_19-10-19-05411873,05411873,waldo_1,10.0,0,0,1,1.0,0.0,0.0,0.0,1.0,0.0,0.0,0.0,0.35524898767471313,0.12214016914367676,0.21588443219661713,0.4706493318080902,0.36764925718307495
2025-09-26_19-10-19-05411873,05411873,waldo_1,10.0,1,0,1,0.0,1.0,0.0,0.0,1.0,0.0,0.0,0.0,0.15512000024318695,0.06451936811208725,-0.17901268601417542,0.5252318382263184,0.33324718475341797
2025-09-26_19-10-19-05411873,05411873,waldo_1,10.0,1,1,1,0.0,1.0,0.0,0.0,0.0,1.0,0.0,0.0,0.8257520198822021,0.1042005866765976,0.14434951543807983,0.6189002990722656,0.3788977861404419
2025-09-26_19-10-19-05411873,05411873,waldo_1,10.0,1,1,1,0.0,1.0,0.0,0.0,0.0,1.0,0.0,0.0,0.30537500977516174,0.09370741993188858,-0.26620644330978394,0.6817033886909485,0.3093503415584564
2025-09-26_19-10-19-05411873,05411873,waldo_1,10.0,1,1,1,0.0,1.0,0.0,0.0,0.0,1.0,0.0,0.0,0.39037999510765076,0.05031106621026993,0.05204306170344353,0.7313435077667236,0.3175394833087921
2025-09-26_19-10-19-05411873,05411873,waldo_1,10.0,1,1,1,0.0,1.0,0.0,0.0,0.0,1.0,0.0,0.0,0.23024900257587433,0.08937843143939972,0.39659279584884644,0.759871244430542,0.4022429287433624
2025-09-26_19-10-19-05411873,05411873,waldo_1,10.0,1,1,1,0.0,1.0,0.0,0.0,0.0,1.0,0.0,0.0,0.49050000309944153,0.07545670866966248,-0.7036423087120056,0.714823305606842,0.3417086601257324
2025-09-26_19-10-19-05411873,05411873,waldo_1,10.0,1,1,1,0.0,1.0,0.0,0.0,0.0,1.0,0.0,0.0,0.15012499690055847,0.09545863419771194,0.15485042333602905,0.799207329750061,0.38633695244789124
2025-09-26_19-10-19-05411873,05411873,waldo_1,10.0,1,1,1,0.0,1.0,0.0,0.0,0.0,1.0,0.0,0.0,0.17512500286102295,0.08113367855548859,-0.4425690472126007,0.813766598701477,0.3065202832221985
2025-09-26_19-10-19-05411873,05411873,waldo_1,10.0,1,1,1,0.0,1.0,0.0,0.0,0.0,1.0,0.0,0.0,0.2601320147514343,0.032685019075870514,0.9771047830581665,0.7811660766601562,0.3088691830635071
2025-09-26_19-10-19-05411873,05411873,waldo_1,10.0,1,1,1,0.0,1.0,0.0,0.0,0.0,1.0,0.0,0.0,0.28024598956108093,0.051659394055604935,0.5959767699241638,0.7658246755599976,0.35819804668426514
2025-09-26_19-10-19-05411873,05411873,waldo_1,10.0,1,1,1,0.0,1.0,0.0,0.0,0.0,1.0,0.0,0.0,0.24525000154972076,0.10509510338306427,0.3781423270702362,0.805082380771637,0.455685555934906
2025-09-26_19-10-19-05411873,05411873,waldo_1,10.0,1,1,1,0.0,1.0,0.0,0.0,0.0,1.0,0.0,0.0,0.30024999380111694,0.05109034478664398,-0.35703688859939575,0.8272649645805359,0.409662127494812
2025-09-26_19-10-19-05411873,05411873,waldo_1,10.0,1,1,1,0.0,1.0,0.0,0.0,0.0,1.0,0.0,0.0,0.27024900913238525,0.09683211892843246,-0.9688745737075806,0.7308954000473022,0.40020862221717834
2025-09-26_19-10-19-05411873,05411873,waldo_1,10.0,1,1,1,0.0,1.0,0.0,0.0,0.0,1.0,0.0,0.0,0.3202509880065918,0.08119335770606995,0.8792204260826111,0.6554771661758423,0.43028268218040466
2025-09-26_19-10-19-05411873,05411873,waldo_1,10.0,1,1,2,0.0,1.0,0.0,0.0,0.0,1.0,0.0,0.0,0.3453750014305115,0.12304075807332993,0.9189455509185791,0.536404013633728,0.4612762928009033
2025-09-26_19-10-19-05411873,05411873,waldo_1,10.0,2,1,2,0.0,0.0,1.0,0.0,0.0,1.0,0.0,0.0,0.2902500033378601,0.06779742240905762,0.6990918517112732,0.49671030044555664,0.5162390470504761
2025-09-26_19-10-19-05411873,05411873,waldo_1,10.0,2,2,2,0.0,0.0,1.0,0.0,0.0,0.0,1.0,0.0,0.25024300813674927,0.01903076283633709,-0.8336249589920044,0.4802204668521881,0.5067387819290161
2025-09-26_19-10-19-05411873,05411873,waldo_1,10.0,2,2,0,0.0,0.0,1.0,0.0,0.0,0.0,1.0,0.0,0.19512900710105896,0.056454677134752274,0.9490043520927429,0.42448875308036804,0.5157445669174194
2025-09-26_19-10-19-05411873,05411873,waldo_1,10.0,0,2,0,1.0,0.0,0.0,0.0,0.0,0.0,1.0,0.0,0.2952460050582886,0.06787165999412537,-0.3796819746494293,0.4495370090007782,0.4526641070842743
2025-09-26_19-10-19-05411873,05411873,waldo_2,10.0,3,0,0,0.0,0.0,0.0,1.0,1.0,0.0,0.0,0.0,0.33037498593330383,0.13373251259326935,0.4628793001174927,0.5093761682510376,0.5470678210258484
2025-09-26_19-10-19-05411873,05411873,waldo_2,10.0,0,3,0,1.0,0.0,0.0,0.0,0.0,0.0,0.0,1.0,0.310373991727829,0.2875659763813019,-0.6963659524917603,0.3430161476135254,0.3125075399875641
2025-09-26_19-10-19-05411873,05411873,waldo_2,10.0,0,0,0,1.0,0.0,0.0,0.0,1.0,0.0,0.0,0.0,0.2502500116825104,0.08528164029121399,0.07150086760520935,0.42615529894828796,0.33150336146354675
2025-09-26_19-10-19-05411873,05411873,waldo_2,10.0,0,0,0,1.0,0.0,0.0,0.0,1.0,0.0,0.0,0.0,0.18513299524784088,0.04769222438335419,-0.30999109148979187,0.4529634118080139,0.2920587956905365
2025-09-26_19-10-19-05411873,05411873,waldo_2,10.0,0,0,1,1.0,0.0,0.0,0.0,1.0,0.0,0.0,0.0,0.16512499749660492,0.12680959701538086,-0.5730593204498291,0.42411258816719055,0.16857478022575378
2025-09-26_19-10-19-05411873,05411873,waldo_2,10.0,1,0,1,0.0,1.0,0.0,0.0,1.0,0.0,0.0,0.0,0.4805000126361847,0.2527148425579071,0.0876234620809555,0.6673126816749573,0.23726613819599152
2025-09-26_19-10-19-05411873,05411873,waldo_2,10.0,1,1,1,0.0,1.0,0.0,0.0,0.0,1.0,0.0,0.0,0.6056249737739563,0.046892546117305756,0.7538810968399048,0.6337528228759766,0.27001744508743286
2025-09-26_19-10-19-05411873,05411873,waldo_3,10.0,1,1,1,0.0,1.0,0.0,0.0,0.0,1.0,0.0,0.0,0.12512099742889404,0.031583335250616074,0.03502700850367546,0.6327294111251831,0.27318286895751953
2025-09-26_19-10-19-05411873,05411873,waldo_3,10.0,1,1,1,0.0,1.0,0.0,0.0,0.0,1.0,0.0,0.0,0.28025001287460327,0.13983704149723053,0.6875199675559998,0.5550327897071838,0.38944825530052185
2025-09-26_19-10-19-05411873,05411873,waldo_3,10.0,1,1,0,0.0,1.0,0.0,0.0,0.0,1.0,0.0,0.0,0.27524998784065247,0.07706142961978912,-0.6407766342163086,0.5220516324043274,0.3198012411594391
2025-09-26_19-10-19-05411873,05411873,waldo_3,10.0,0,1,0,1.0,0.0,0.0,0.0,0.0,1.0,0.0,0.0,0.5404980182647705,0.11917977035045624,-0.678505003452301,0.45866522192955017,0.21887561678886414
2025-09-26_19-10-19-05411873,05411873,waldo_3,10.0,0,0,0,1.0,0.0,0.0,0.0,1.0,0.0,0.0,0.0,0.4153749942779541,0.09810642898082733,0.9493457674980164,0.36179837584495544,0.2344219833612442
2025-09-26_19-10-19-05411873,05411873,waldo_4,10.0,0,0,0,1.0,0.0,0.0,0.0,1.0,0.0,0.0,0.0,0.20024000108242035,0.0634705126285553,0.09123824536800385,0.3152044117450714,0.2606393098831177
2025-09-26_19-10-19-05411873,05411873,waldo_4,10.0,0,0,2,1.0,0.0,0.0,0.0,1.0,0.0,0.0,0.0,0.34037500619888306,0.11701545864343643,0.2917666733264923,0.386409729719162,0.3534963130950928
2025-09-26_19-10-19-05411873,05411873,waldo_4,10.0,2,0,3,0.0,0.0,1.0,0.0,1.0,0.0,0.0,0.0,0.2502500116825104,0.3472502827644348,0.45564132928848267,0.4346449673175812,0.6973801851272583
2025-09-26_19-10-19-05411873,05411873,waldo_4,10.0,3,2,3,0.0,0.0,0.0,1.0,0.0,0.0,1.0,0.0,0.3453820049762726,0.20682039856910706,-0.38321152329444885,0.5088366270065308,0.5043250918388367
2025-09-26_19-10-19-05411873,05411873,waldo_4,10.0,3,3,1,0.0,0.0,0.0,1.0,0.0,0.0,0.0,1.0,0.16512799263000488,0.12474338710308075,0.1734551340341568,0.6155129671096802,0.5689863562583923
2025-09-26_19-10-19-05411873,05411873,waldo_4,10.0,1,3,1,0.0,1.0,0.0,0.0,0.0,0.0,0.0,1.0,0.2502500116825104,0.1225624680519104,-0.7997459173202515,0.5164153575897217,0.4968668222427368
2025-09-26_19-10-19-05411873,05411873,waldo_4,10.0,1,1,1,0.0,1.0,0.0,0.0,0.0,1.0,0.0,0.0,0.4153749942779541,0.14694148302078247,-0.34745708107948303,0.5841692090034485,0.3664781153202057
2025-09-26_19-10-19-05411873,05411873,waldo_4,10.0,1,1,0,0.0,1.0,0.0,0.0,0.0,1.0,0.0,0.0,0.15512500703334808,0.03662165626883507,-0.13298210501670837,0.6176411509513855,0.3516196608543396
2025-09-26_19-10-19-05411873,05411873,waldo_4,10.0,0,1,1,1.0,0.0,0.0,0.0,0.0,1.0,0.0,0.0,0.14012500643730164,0.22106067836284637,-0.8157524466514587,0.43259063363075256,0.2306894212961197
2025-09-26_19-10-19-05411873,05411873,waldo_4,10.0,1,0,0,0.0,1.0,0.0,0.0,1.0,0.0,0.0,0.0,0.36037498712539673,0.20312167704105377,0.17191046476364136,0.6068022847175598,0.33513423800468445
2025-09-26_19-10-19-05411873,05411873,waldo_4,10.0,0,1,1,1.0,0.0,0.0,0.0,0.0,1.0,0.0,0.0,0.1652510017156601,0.24208512902259827,-0.7952365279197693,0.41310256719589233,0.18992532789707184
2025-09-26_19-10-19-05411873,05411873,waldo_4,10.0,1,0,1,0.0,1.0,0.0,0.0,1.0,0.0,0.0,0.0,0.21025000512599945,0.3221202492713928,0.12046987563371658,0.712427020072937,0.30894768238067627
2025-09-26_19-10-19-05411873,05411873,waldo_4,10.0,1,1,0,0.0,1.0,0.0,0.0,0.0,1.0,0.0,0.0,0.28025001287460327,0.1815989762544632,-0.8434631824493408,0.552348256111145,0.22319822013378143
2025-09-26_19-10-19-05411873,05411873,waldo_4,10.0,0,1,0,1.0,0.0,0.0,0.0,0.0,1.0,0.0,0.0,0.4805000126361847,0.17301833629608154,0.735984206199646,0.4355096220970154,0.3508073091506958
2025-09-26_19-10-19-05411873,05411873,waldo_4,10.0,0,0,0,1.0,0.0,0.0,0.0,1.0,0.0,0.0,0.0,0.7056339979171753,0.03279944509267807,-0.1921403706073761,0.4625128209590912,0.33218929171562195
2025-09-26_19-10-19-05411873,05411873,waldo_4,10.0,0,0,0,1.0,0.0,0.0,0.0,1.0,0.0,0.0,0.0,0.3503749966621399,0.11041303724050522,0.8526841998100281,0.36371490359306335,0.38148438930511475
2025-09-26_19-10-19-05411873,05411873,waldo_4,10.0,0,0,0,1.0,0.0,0.0,0.0,1.0,0.0,0.0,0.0,0.29524898529052734,0.06795435398817062,-0.7007890939712524,0.32363614439964294,0.3266073763370514
2025-09-26_19-10-19-05411873,05411873,waldo_4,10.0,0,0,0,1.0,0.0,0.0,0.0,1.0,0.0,0.0,0.0,1.2411259412765503,0.145159050822258,-0.0251926239579916,0.46834081411361694,0.31513074040412903
2025-09-26_19-10-19-05411873,05411873,waldo_4,10.0,0,0,1,1.0,0.0,0.0,0.0,1.0,0.0,0.0,0.0,0.705623984336853,0.0929807722568512,-0.6314818859100342,0.43101683259010315,0.2299700528383255
2025-09-26_19-10-19-05411873,05411873,waldo_4,10.0,1,0,1,0.0,1.0,0.0,0.0,1.0,0.0,0.0,0.0,0.27524998784065247,0.12759028375148773,-0.17648355662822723,0.5394935607910156,0.16279800236225128
2025-09-26_19-10-19-05411873,05411873,waldo_4,10.0,1,1,0,0.0,1.0,0.0,0.0,0.0,1.0,0.0,0.0,0.2902500033378601,0.10913480818271637,0.5264963507652283,0.5304195880889893,0.2715549170970917
2025-09-26_19-10-19-05411873,05411873,waldo_4,10.0,0,1,0,1.0,0.0,0.0,0.0,0.0,1.0,0.0,0.0,0.46050000190734863,0.24458564817905426,-0.966988205909729,0.2871480882167816,0.2462344914674759
2025-09-26_19-12-44-115b6a40,115b6a40,waldo_1,10.0,0,0,0,1.0,0.0,0.0,0.0,1.0,0.0,0.0,0.0,0.6256250143051147,0.06760963797569275,-0.5274856090545654,0.18252834677696228,0.42415347695350647
2025-09-26_19-12-44-115b6a40,115b6a40,waldo_1,10.0,0,0,2,1.0,0.0,0.0,0.0,1.0,0.0,0.0,0.0,0.4003849923610687,0.03183227404952049,-0.5120266675949097,0.18132591247558594,0.3923439383506775
2025-09-26_19-12-44-115b6a40,115b6a40,waldo_1,10.0,2,0,2,0.0,0.0,1.0,0.0,1.0,0.0,0.0,0.0,0.3952530026435852,0.11884456127882004,0.43550217151641846,0.20524245500564575,0.5087571144104004
2025-09-26_19-12-44-115b6a40,115b6a40,waldo_1,10.0,2,2,2,0.0,0.0,1.0,0.0,0.0,0.0,1.0,0.0,0.1901250034570694,0.1666756123304367,0.5321466326713562,0.18843819200992584,0.6745834350585938
2025-09-26_19-12-44-115b6a40,115b6a40,waldo_1,10.0,2,2,2,0.0,0.0,1.0,0.0,0.0,0.0,1.0,0.0,0.18025000393390656,0.0916237086057663,0.576230525970459,0.16670480370521545,0.7635922431945801
2025-09-26_19-12-44-115b6a40,115b6a40,waldo_1,10.0,2,2,2,0.0,0.0,1.0,0.0,0.0,0.0,1.0,0.0,0.20024999976158142,0.07971570640802383,-0.04634448513388634,0.24557709693908691,0.7520269751548767
2025-09-26_19-12-44-115b6a40,115b6a40,waldo_1,10.0,2,2,2,0.0,0.0,1.0,0.0,0.0,0.0,1.0,0.0,0.33024999499320984,0.13482548296451569,-0.3751623332500458,0.29710903763771057,0.6274381875991821
2025-09-26_19-12-44-115b6a40,115b6a40,waldo_1,10.0,2,2,2,0.0,0.0,1.0,0.0,0.0,0.0,1.0,0.0,0.18024399876594543,0.12094572931528091,0.572631299495697,0.2697507441043854,0.7452489733695984
2025-09-26_19-12-44-115b6a40,115b6a40,waldo_1,10.0,2,2,0,0.0,0.0,1.0,0.0,0.0,0.0,1.0,0.0,0.2602500021457672,0.05775175243616104,0.38244467973709106,0.2905975580215454,0.7991068959236145
2025-09-26_19-12-44-115b6a40,115b6a40,waldo_1,10.0,0,2,0,1.0,0.0,0.0,0.0,0.0,0.0,1.0,0.0,0.23025000095367432,0.317085325717926,-0.5199332237243652,0.27075400948524475,0.48264309763908386
2025-09-26_19-12-44-115b6a40,115b6a40,waldo_1,10.0,0,0,0,1.0,0.0,0.0,0.0,1.0,0.0,0.0,0.0,0.2602500021457672,0.11603821069002151,-0.4864780604839325,0.27568188309669495,0.3667095899581909
2025-09-26_19-12-44-115b6a40,115b6a40,waldo_1,10.0,0,0,0,1.0,0.0,0.0,0.0,1.0,0.0,0.0,0.0,0.23025000095367432,0.016680823639035225,0.03055896796286106,0.29228588938713074,0.36830854415893555
2025-09-26_19-12-44-115b6a40,115b6a40,waldo_1,10.0,0,0,0,1.0,0.0,0.0,0.0,1.0,0.0,0.0,0.0,0.2602590024471283,0.06812068819999695,-0.4609656035900116,0.30061861872673035,0.3006994128227234
2025-09-26_19-12-44-115b6a40,115b6a40,waldo_1,10.0,0,0,0,1.0,0.0,0.0,0.0,1.0,0.0,0.0,0.0,0.16512499749660492,0.04569857567548752,-0.3429465889930725,0.3222624361515045,0.26045137643814087
2025-09-26_19-12-44-115b6a40,115b6a40,waldo_1,10.0,0,0,0,1.0,0.0,0.0,0.0,1.0,0.0,0.0,0.0,0.4253750145435333,0.0257541723549366,0.026663774624466896,0.3479263186454773,0.2626062035560608
2025-09-26_19-12-44-115b6a40,115b6a40,waldo_1,10.0,0,0,2,1.0,0.0,0.0,0.0,1.0,0.0,0.0,0.0,0.3253749907016754,0.09475479274988174,0.5211396217346191,0.34163805842399597,0.3571521043777466
2025-09-26_19-12-44-115b6a40,115b6a40,waldo_1,10.0,2,0,2,0.0,0.0,1.0,0.0,1.0,0.0,0.0,0.0,0.33024901151657104,0.15688097476959229,0.5132321119308472,0.3351184129714966,0.5138975381851196
2025-09-26_19-12-44-115b6a40,115b6a40,waldo_1,10.0,2,2,0,0.0,0.0,1.0,0.0,0.0,0.0,1.0,0.0,0.1851239949464798,0.041824933141469955,0.28617367148399353,0.3611486256122589,0.5466352105140686
2025-09-26_19-12-44-115b6a40,115b6a40,waldo_1,10.0,0,2,2,1.0,0.0,0.0,0.0,0.0,0.0,1.0,0.0,0.23524899780750275,0.05021388456225395,-0.6112367510795593,0.3439558446407318,0.49945634603500366
2025-09-26_19-12-44-115b6a40,115b6a40,waldo_1,10.0,2,0,2,0.0,0.0,1.0,0.0,1.0,0.0,0.0,0.0,0.280254989862442,0.1827680915594101,0.4075890779495239,0.3962743878364563,0.6745761632919312
2025-09-26_19-12-44-115b6a40,115b6a40,waldo_1,10.0,2,2,2,0.0,0.0,1.0,0.0,0.0,0.0,1.0,0.0,0.1602499932050705,0.04485728591680527,0.3686356842517853,0.4142656624317169,0.7156674265861511
2025-09-26_19-12-44-115b6a40,115b6a40,waldo_1,10.0,2,2,0,0.0,0.0,1.0,0.0,0.0,0.0,1.0,0.0,0.1901250034570694,0.12479554116725922,-0.7588670253753662,0.3235982656478882,0.629915714263916
2025-09-26_19-12-44-115b6a40,115b6a40,waldo_1,10.0,0,2,0,1.0,0.0,0.0,0.0,0.0,0.0,1.0,0.0,0.8207569718360901,0.1604900360107422,-0.4692862033843994,0.339059978723526,0.4701722264289856
2025-09-26_19-12-44-115b6a40,115b6a40,waldo_1,10.0,0,0,0,1.0,0.0,0.0,0.0,1.0,0.0,0.0,0.0,0.3152570128440857,0.07234687358140945,-0.2693612575531006,0.38701263070106506,0.4160001277923584
2025-09-26_19-12-44-115b6a40,115b6a40,waldo_1,10.0,0,0,0,1.0,0.0,0.0,0.0,1.0,0.0,0.0,0.0,0.28037598729133606,0.0670219212770462,-0.08333484828472137,0.4517507553100586,0.3986532688140869
2025-09-26_19-12-44-115b6a40,115b6a40,waldo_1,10.0,0,0,0,1.0,0.0,0.0,0.0,1.0,0.0,0.0,0.0,0.8157510161399841,0.17020803689956665,-0.5745388865470886,0.41225630044937134,0.23309071362018585
2025-09-26_19-12-44-115b6a40,115b6a40,waldo_1,10.0,0,0,0,1.0,0.0,0.0,0.0,1.0,0.0,0.0,0.0,0.2552419900894165,0.08253978937864304,0.2622286081314087,0.4683360159397125,0.2936537563800812
2025-09-26_19-12-44-115b6a40,115b6a40,waldo_2,10.0,1,0,1,0.0,1.0,0.0,0.0,1.0,0.0,0.0,0.0,0.17525100708007812,0.16326451301574707,-0.3195132315158844,0.5527275204658508,0.25206902623176575
2025-09-26_19-12-44-115b6a40,115b6a40,waldo_2,10.0,1,1,1,0.0,1.0,0.0,0.0,0.0,1.0,0.0,0.0,0.21025000512599945,0.12360163778066635,0.2440938651561737,0.6417335867881775,0.337831974029541
2025-09-26_19-12-44-115b6a40,115b6a40,waldo_2,10.0,1,1,1,0.0,1.0,0.0,0.0,0.0,1.0,0.0,0.0,0.135111004114151,0.09176406264305115,-0.5691066980361938,0.6219673156738281,0.24822205305099487
2025-09-26_19-12-44-115b6a40,115b6a40,waldo_3,10.0,1,0,1,0.0,1.0,0.0,0.0,1.0,0.0,0.0,0.0,0.2202489972114563,0.16555006802082062,-0.11783207952976227,0.573898434638977,0.2673755884170532
2025-09-26_19-12-44-115b6a40,115b6a40,waldo_3,10.0,1,1,1,0.0,1.0,0.0,0.0,0.0,1.0,0.0,0.0,0.15512500703334808,0.044863808900117874,0.08861694484949112,0.6170348525047302,0.27970486879348755
2025-09-26_19-12-44-115b6a40,115b6a40,waldo_3,10.0,1,1,0,0.0,1.0,0.0,0.0,0.0,1.0,0.0,0.0,0.3003750145435333,0.10338151454925537,-0.8874812722206116,0.5200453400611877,0.2439170628786087
2025-09-26_19-12-44-115b6a40,115b6a40,waldo_3,10.0,0,1,1,1.0,0.0,0.0,0.0,0.0,1.0,0.0,0.0,0.2202499955892563,0.08281920850276947,0.7091461420059204,0.4694605767726898,0.3094930052757263
2025-09-26_19-12-44-115b6a40,115b6a40,waldo_3,10.0,1,0,1,0.0,1.0,0.0,0.0,1.0,0.0,0.0,0.0,0.3152399957180023,0.0935450866818428,0.3857801854610443,0.5023118257522583,0.3970799744129181
2025-09-26_19-12-44-115b6a40,115b6a40,waldo_3,10.0,1,1,1,0.0,1.0,0.0,0.0,0.0,1.0,0.0,0.0,0.2752450108528137,0.05538364499807358,-0.28380393981933594,0.537102222442627,0.35398730635643005
2025-09-26_19-12-44-115b6a40,115b6a40,waldo_3,10.0,1,1,0,0.0,1.0,0.0,0.0,0.0,1.0,0.0,0.0,0.13512499630451202,0.073551245033741,-0.5943751931190491,0.5156131982803345,0.2836452126502991
2025-09-26_19-12-44-115b6a40,115b6a40,waldo_3,10.0,0,1,1,1.0,0.0,0.0,0.0,0.0,1.0,0.0,0.0,0.18512499332427979,0.09058082848787308,0.5891642570495605,0.49057042598724365,0.37069547176361084
2025-09-26_19-12-44-115b6a40,115b6a40,waldo_3,10.0,1,0,0,0.0,1.0,0.0,0.0,1.0,0.0,0.0,0.0,0.20512500405311584,0.16457952558994293,-0.2616153359413147,0.6026225686073303,0.25015196204185486
2025-09-26_19-12-44-115b6a40,115b6a40,waldo_3,10.0,0,1,1,1.0,0.0,0.0,0.0,0.0,1.0,0.0,0.0,0.19512499868869781,0.16880828142166138,-0.8260015249252319,0.4584130644798279,0.1624031960964203
2025-09-26_19-12-44-115b6a40,115b6a40,waldo_3,10.0,1,0,1,0.0,1.0,0.0,0.0,1.0,0.0,0.0,0.0,0.29037898778915405,0.18582779169082642,0.2661874294281006,0.5829638838768005,0.3003127872943878
2025-09-26_19-12-44-115b6a40,115b6a40,waldo_3,10.0,1,1,1,0.0,1.0,0.0,0.0,0.0,1.0,0.0,0.0,0.24025000631809235,0.09741629660129547,0.5805946588516235,0.5585612058639526,0.39462316036224365
2025-09-26_19-12-44-115b6a40,115b6a40,waldo_3,10.0,1,1,3,0.0,1.0,0.0,0.0,0.0,1.0,0.0,0.0,0.15012499690055847,0.07446053624153137,0.04347147420048714,0.632328450679779,0.4047606289386749
2025-09-26_19-12-44-115b6a40,115b6a40,waldo_3,10.0,3,1,1,0.0,0.0,0.0,1.0,0.0,1.0,0.0,0.0,0.2902590036392212,0.14605416357517242,0.7654593586921692,0.5241605043411255,0.5029008984565735
2025-09-26_19-12-44-115b6a40,115b6a40,waldo_3,10.0,1,3,1,0.0,1.0,0.0,0.0,0.0,0.0,0.0,1.0,0.2502500116825104,0.22004622220993042,-0.34964683651924133,0.624276876449585,0.306949257850647
2025-09-26_19-12-44-115b6a40,115b6a40,waldo_3,10.0,1,1,0,0.0,1.0,0.0,0.0,0.0,1.0,0.0,0.0,0.23524999618530273,0.052405089139938354,-0.05453391745686531,0.6759147644042969,0.29801487922668457
2025-09-26_19-12-44-115b6a40,115b6a40,waldo_3,10.0,0,1,1,1.0,0.0,0.0,0.0,0.0,1.0,0.0,0.0,0.175245001912117,0.38251975178718567,-0.8800092339515686,0.32025277614593506,0.15721029043197632
2025-09-26_19-12-44-115b6a40,115b6a40,waldo_3,10.0,1,0,1,0.0,1.0,0.0,0.0,1.0,0.0,0.0,0.0,0.14512600004673004,0.34709861874580383,0.20960363745689392,0.5947791934013367,0.3696078062057495
2025-09-26_19-12-44-115b6a40,115b6a40,waldo_3,10.0,1,1,1,0.0,1.0,0.0,0.0,0.0,1.0,0.0,0.0,0.27024900913238525,0.24180445075035095,-0.37497633695602417,0.6873303651809692,0.1462165117263794
2025-09-26_19-12-44-115b6a40,115b6a40,waldo_3,10.0,1,1,1,0.0,1.0,0.0,0.0,0.0,1.0,0.0,0.0,0.34526100754737854,0.25764667987823486,0.669769823551178,0.5563379526138306,0.3680786192417145
2025-09-26_19-12-44-115b6a40,115b6a40,waldo_3,10.0,1,1,1,0.0,1.0,0.0,0.0,0.0,1.0,0.0,0.0,0.1652510017156601,0.15905438363552094,-0.18480674922466278,0.6893297433853149,0.2808348536491394
2025-09-26_19-12-44-115b6a40,115b6a40,waldo_3,10.0,1,1,1,0.0,1.0,0.0,0.0,0.0,1.0,0.0,0.0,0.24024799466133118,0.1529698669910431,0.8903018236160278,0.5453542470932007,0.33251506090164185
2025-09-26_19-12-44-115b6a40,115b6a40,waldo_3,10.0,1,1,1,0.0,1.0,0.0,0.0,0.0,1.0,0.0,0.0,0.13511799275875092,0.13387072086334229,-0.335740864276886,0.6114108562469482,0.21607667207717896
2025-09-26_19-12-44-115b6a40,115b6a40,waldo_3,10.0,1,1,1,0.0,1.0,0.0,0.0,0.0,1.0,0.0,0.0,0.30037400126457214,0.21681749820709229,0.6200264692306519,0.5315782427787781,0.4176618456840515
2025-09-26_19-12-44-115b6a40,115b6a40,waldo_3,10.0,1,1,1,0.0,1.0,0.0,0.0,0.0,1.0,0.0,0.0,0.2852500081062317,0.2453315407037735,-0.19846008718013763,0.7307509183883667,0.27442145347595215
2025-09-26_19-12-44-115b6a40,115b6a40,waldo_3,10.0,1,1,1,0.0,1.0,0.0,0.0,0.0,1.0,0.0,0.0,0.2652589976787567,0.11700063943862915,0.30087846517562866,0.799260675907135,0.3692663908004761
2025-09-26_19-12-44-115b6a40,115b6a40,waldo_3,10.0,1,1,1,0.0,1.0,0.0,0.0,0.0,1.0,0.0,0.0,0.2652469873428345,0.2385125458240509,-0.9594191908836365,0.5626838207244873,0.3389410972595215
2025-09-26_19-12-44-115b6a40,115b6a40,waldo_3,10.0,1,1,1,0.0,1.0,0.0,0.0,0.0,1.0,0.0,0.0,0.14512500166893005,0.023538734763860703,0.3254263699054718,0.5749558806419373,0.359027624130249
2025-09-26_19-12-44-115b6a40,115b6a40,waldo_3,10.0,1,1,1,0.0,1.0,0.0,0.0,0.0,1.0,0.0,0.0,0.19512499868869781,0.06552168726921082,0.3050077259540558,0.6126298904418945,0.41263508796691895
2025-09-26_19-12-44-115b6a40,115b6a40,waldo_3,10.0,1,1,3,0.0,1.0,0.0,0.0,0.0,1.0,0.0,0.0,0.15513400733470917,0.08220595121383667,0.516423761844635,0.608390212059021,0.4947316348552704
2025-09-26_19-12-44-115b6a40,115b6a40,waldo_3,10.0,3,1,0,0.0,0.0,0.0,1.0,0.0,1.0,0.0,0.0,0.2051289975643158,0.08829820901155472,0.36527135968208313,0.644657552242279,0.5752378702163696
2025-09-26_19-12-44-115b6a40,115b6a40,waldo_3,10.0,0,3,3,1.0,0.0,0.0,0.0,0.0,0.0,0.0,1.0,0.17512500286102295,0.35988035798072815,-0.9298545122146606,0.2934802174568176,0.4965718984603882
2025-09-26_19-12-44-115b6a40,115b6a40,waldo_4,10.0,1,1,0,0.0,1.0,0.0,0.0,0.0,1.0,0.0,0.0,0.11512500047683716,0.07747464627027512,-0.18862055242061615,0.5690919160842896,0.3039126396179199
2025-09-26_19-12-44-115b6a40,115b6a40,waldo_4,10.0,0,1,1,1.0,0.0,0.0,0.0,0.0,1.0,0.0,0.0,0.24525000154972076,0.12212518602609634,-0.9215960502624512,0.45065271854400635,0.2741348445415497
2025-09-26_19-12-44-115b6a40,115b6a40,waldo_4,10.0,1,0,1,0.0,1.0,0.0,0.0,1.0,0.0,0.0,0.0,0.13012300431728363,0.17252802848815918,0.32792845368385315,0.5394412279129028,0.4220622777938843
2025-09-26_19-12-44-115b6a40,115b6a40,waldo_4,10.0,1,1,1,0.0,1.0,0.0,0.0,0.0,1.0,0.0,0.0,0.250247985124588,0.12048006057739258,-0.4008551836013794,0.5763636231422424,0.3073793053627014
2025-09-26_19-17-52-c0419fea,c0419fea,waldo_1,10.0,3,3,1,0.0,0.0,0.0,1.0,0.0,0.0,0.0,1.0,0.4253750145435333,0.032874785363674164,-0.3378502130508423,0.8064008355140686,0.6766302585601807
2025-09-26_19-17-52-c0419fea,c0419fea,waldo_1,10.0,1,3,3,0.0,1.0,0.0,0.0,0.0,0.0,0.0,1.0,0.4954969882965088,0.2612225115299225,-0.5082771182060242,0.7996089458465576,0.4154960513114929
2025-09-26_19-17-52-c0419fea,c0419fea,waldo_1,10.0,3,1,3,0.0,0.0,0.0,1.0,0.0,1.0,0.0,0.0,0.2902500033378601,0.261665940284729,0.5969032645225525,0.7211745381355286,0.6651300191879272
2025-09-26_19-17-52-c0419fea,c0419fea,waldo_1,10.0,3,3,3,0.0,0.0,0.0,1.0,0.0,0.0,0.0,1.0,0.300246000289917,0.0819728747010231,-0.43493279814720154,0.7378145456314087,0.5848638415336609
2025-09-26_19-17-52-c0419fea,c0419fea,waldo_1,10.0,3,3,1,0.0,0.0,0.0,1.0,0.0,0.0,0.0,1.0,0.4255000054836273,0.07029099017381668,-0.19707374274730682,0.79505854845047,0.5440723299980164
2025-09-26_19-17-52-c0419fea,c0419fea,waldo_1,10.0,1,3,2,0.0,1.0,0.0,0.0,0.0,0.0,0.0,1.0,0.4904929995536804,0.12308864295482635,-0.32054904103279114,0.8608334064483643,0.4400315582752228
2025-09-26_19-17-52-c0419fea,c0419fea,waldo_1,10.0,2,1,3,0.0,0.0,1.0,0.0,0.0,1.0,0.0,0.0,0.3553749918937683,0.5570688247680664,0.9435797333717346,0.3124925196170807,0.538255512714386
2025-09-26_19-17-52-c0419fea,c0419fea,waldo_1,10.0,3,2,2,0.0,0.0,0.0,1.0,0.0,0.0,1.0,0.0,0.49549999833106995,0.2824341952800751,0.2509452998638153,0.511609673500061,0.7385588884353638
2025-09-26_19-17-52-c0419fea,c0419fea,waldo_1,10.0,2,3,2,0.0,0.0,1.0,0.0,0.0,0.0,0.0,1.0,0.8958749771118164,0.2539812922477722,-0.8056997060775757,0.3034944534301758,0.592975378036499
2025-09-26_19-17-52-c0419fea,c0419fea,waldo_1,10.0,2,2,0,0.0,0.0,1.0,0.0,0.0,0.0,1.0,0.0,0.4555079936981201,0.13718508183956146,-0.8486200571060181,0.18153278529644012,0.5301653146743774
2025-09-26_19-17-52-c0419fea,c0419fea,waldo_1,10.0,0,2,1,1.0,0.0,0.0,0.0,0.0,0.0,1.0,0.0,0.2952499985694885,0.06659070402383804,-0.41923555731773376,0.19824807345867157,0.4657066762447357
2025-09-26_19-17-52-c0419fea,c0419fea,waldo_1,10.0,1,0,1,0.0,1.0,0.0,0.0,1.0,0.0,0.0,0.0,0.18514099717140198,0.37102586030960083,-0.11334242671728134,0.5460002422332764,0.33636748790740967
2025-09-26_19-17-52-c0419fea,c0419fea,waldo_1,10.0,1,1,3,0.0,1.0,0.0,0.0,0.0,1.0,0.0,0.0,0.33037498593330383,0.19726625084877014,-0.12329692393541336,0.728651762008667,0.2618531286716461
2025-09-26_19-17-52-c0419fea,c0419fea,waldo_1,10.0,3,1,3,0.0,0.0,0.0,1.0,0.0,1.0,0.0,0.0,0.12012500315904617,0.353168785572052,0.5923132300376892,0.6276588439941406,0.6002739071846008
2025-09-26_19-17-52-c0419fea,c0419fea,waldo_1,10.0,3,3,0,0.0,0.0,0.0,1.0,0.0,0.0,0.0,1.0,0.11512500047683716,0.08188985288143158,-0.6868056058883667,0.5823118686676025,0.5320858955383301
2025-09-26_19-17-52-c0419fea,c0419fea,waldo_1,10.0,0,3,1,1.0,0.0,0.0,0.0,0.0,0.0,0.0,1.0,0.6156250238418579,0.13451610505580902,-0.9184777736663818,0.452183336019516,0.49801042675971985
2025-09-26_19-17-52-c0419fea,c0419fea,waldo_1,10.0,1,0,3,0.0,1.0,0.0,0.0,1.0,0.0,0.0,0.0,0.45051199197769165,0.13203305006027222,-0.03269466757774353,0.5835205316543579,0.48447269201278687
2025-09-26_19-17-52-c0419fea,c0419fea,waldo_2,10.0,0,0,1,1.0,0.0,0.0,0.0,1.0,0.0,0.0,0.0,0.2552500069141388,0.142211452126503,-0.4755394756793976,0.48397359251976013,0.2634279429912567
2025-09-26_19-17-52-c0419fea,c0419fea,waldo_2,10.0,1,0,3,0.0,1.0,0.0,0.0,1.0,0.0,0.0,0.0,0.2952499985694885,0.2796631455421448,-0.0989198163151741,0.7502407431602478,0.17791035771369934
2025-09-26_19-17-52-c0419fea,c0419fea,waldo_2,10.0,3,1,3,0.0,0.0,0.0,1.0,0.0,1.0,0.0,0.0,0.3202440142631531,0.619117021560669,0.520200788974762,0.7109763026237488,0.7957810759544373
2025-09-26_19-17-52-c0419fea,c0419fea,waldo_2,10.0,3,3,2,0.0,0.0,0.0,1.0,0.0,0.0,0.0,1.0,0.23524999618530273,0.08715783059597015,0.8946494460105896,0.6285486817359924,0.8241037726402283
2025-09-26_19-17-52-c0419fea,c0419fea,waldo_2,10.0,2,3,2,0.0,0.0,1.0,0.0,0.0,0.0,0.0,1.0,0.41049298644065857,0.12950848042964935,0.996963381767273,0.49904611706733704,0.8253392577171326
2025-09-26_19-17-52-c0419fea,c0419fea,waldo_2,10.0,2,2,2,0.0,0.0,1.0,0.0,0.0,0.0,1.0,0.0,0.4253750145435333,0.1332147717475891,-0.9495114684104919,0.3675035834312439,0.8042979836463928
2025-09-26_19-17-52-c0419fea,c0419fea,waldo_2,10.0,2,2,2,0.0,0.0,1.0,0.0,0.0,0.0,1.0,0.0,0.26524999737739563,0.1815493106842041,0.8505349159240723,0.205603688955307,0.8864476680755615
2025-09-26_19-17-52-c0419fea,c0419fea,waldo_2,10.0,2,2,2,0.0,0.0,1.0,0.0,0.0,0.0,1.0,0.0,0.17012499272823334,0.17522737383842468,-0.5172152519226074,0.19613142311573029,0.7114765048027039
2025-09-26_19-17-52-c0419fea,c0419fea,waldo_2,10.0,2,2,2,0.0,0.0,1.0,0.0,0.0,0.0,1.0,0.0,0.6106259822845459,0.11251203715801239,0.4285290837287903,0.22118230164051056,0.8211643099784851
2025-09-26_19-17-52-c0419fea,c0419fea,waldo_2,10.0,2,2,0,0.0,0.0,1.0,0.0,0.0,0.0,1.0,0.0,0.650629997253418,0.3882291316986084,-0.2647897005081177,0.48265498876571655,0.5341906547546387
2025-09-26_19-17-52-c0419fea,c0419fea,waldo_2,10.0,0,2,0,1.0,0.0,0.0,0.0,0.0,0.0,1.0,0.0,0.15025000274181366,0.13451926410198212,-0.47394299507141113,0.4936545193195343,0.4001218378543854
2025-09-26_19-17-52-c0419fea,c0419fea,waldo_2,10.0,0,0,0,1.0,0.0,0.0,0.0,1.0,0.0,0.0,0.0,0.33524999022483826,0.18667256832122803,-0.5453857183456421,0.467128187417984,0.21534359455108643
2025-09-26_19-17-52-c0419fea,c0419fea,waldo_2,10.0,0,0,0,1.0,0.0,0.0,0.0,1.0,0.0,0.0,0.0,0.5755000114440918,0.09583967179059982,0.4967222213745117,0.46811506152153015,0.31117820739746094
2025-09-26_19-17-52-c0419fea,c0419fea,waldo_2,10.0,0,0,1,1.0,0.0,0.0,0.0,1.0,0.0,0.0,0.0,0.15012499690055847,0.06885845214128494,-0.651286780834198,0.436606228351593,0.24995173513889313
2025-09-26_19-17-52-c0419fea,c0419fea,waldo_2,10.0,1,0,1,0.0,1.0,0.0,0.0,1.0,0.0,0.0,0.0,0.29536500573158264,0.29647737741470337,-0.08963342756032944,0.7214066386222839,0.16756512224674225
2025-09-26_19-17-52-c0419fea,c0419fea,waldo_2,10.0,1,1,1,0.0,1.0,0.0,0.0,0.0,1.0,0.0,0.0,0.14012500643730164,0.025314925238490105,-0.25244641304016113,0.7391688823699951,0.14952771365642548
2025-09-26_19-17-52-c0419fea,c0419fea,waldo_2,10.0,1,1,2,0.0,1.0,0.0,0.0,0.0,1.0,0.0,0.0,0.37537500262260437,0.08820509165525436,0.5933338403701782,0.7136746644973755,0.233968123793602
2025-09-26_19-17-52-c0419fea,c0419fea,waldo_2,10.0,2,1,2,0.0,0.0,1.0,0.0,0.0,1.0,0.0,0.0,0.28025001287460327,0.6144675612449646,0.7006362676620483,0.3515067398548126,0.7303599119186401
2025-09-26_19-17-52-c0419fea,c0419fea,waldo_2,10.0,2,2,2,0.0,0.0,1.0,0.0,0.0,0.0,1.0,0.0,0.24525399506092072,0.16751736402511597,0.8225570321083069,0.20935066044330597,0.8189811110496521
2025-09-26_19-17-52-c0419fea,c0419fea,waldo_2,10.0,2,2,2,0.0,0.0,1.0,0.0,0.0,0.0,1.0,0.0,0.2902500033378601,0.06139926239848137,-0.5169076323509216,0.20609086751937866,0.7576684355735779
2025-09-26_19-17-52-c0419fea,c0419fea,waldo_2,10.0,2,2,2,0.0,0.0,1.0,0.0,0.0,0.0,1.0,0.0,0.21025000512599945,0.05608829855918884,-0.4375949800014496,0.21701672673225403,0.7026546001434326
2025-09-26_19-17-52-c0419fea,c0419fea,waldo_2,10.0,2,2,0,0.0,0.0,1.0,0.0,0.0,0.0,1.0,0.0,0.08999700099229813,0.019113296642899513,0.9291383028030396,0.19837510585784912,0.7068744897842407
2025-09-26_19-17-52-c0419fea,c0419fea,waldo_2,10.0,0,2,0,1.0,0.0,0.0,0.0,0.0,0.0,1.0,0.0,0.33024999499320984,0.22502359747886658,-0.503792941570282,0.19569382071495056,0.48186686635017395
2025-09-26_19-17-52-c0419fea,c0419fea,waldo_2,10.0,0,0,0,1.0,0.0,0.0,0.0,1.0,0.0,0.0,0.0,0.17024900019168854,0.04760238155722618,-0.5122238993644714,0.19386620819568634,0.4342995882034302
2025-09-26_19-17-52-c0419fea,c0419fea,waldo_2,10.0,0,0,0,1.0,0.0,0.0,0.0,1.0,0.0,0.0,0.0,0.3553760051727295,0.22016939520835876,-0.4837232828140259,0.20511962473392487,0.2144179791212082
2025-09-26_19-17-52-c0419fea,c0419fea,waldo_3,10.0,3,1,3,0.0,0.0,0.0,1.0,0.0,1.0,0.0,0.0,0.28037500381469727,0.3649364709854126,0.5815820097923279,0.5728721022605896,0.5219791531562805
2025-09-26_19-17-52-c0419fea,c0419fea,waldo_3,10.0,3,3,3,0.0,0.0,0.0,1.0,0.0,0.0,0.0,1.0,0.24024799466133118,0.17478179931640625,0.48980167508125305,0.5784709453582764,0.6966712474822998
2025-09-26_19-17-52-c0419fea,c0419fea,waldo_3,10.0,3,3,3,0.0,0.0,0.0,1.0,0.0,0.0,0.0,1.0,0.20012499392032623,0.2004052847623825,0.04760303348302841,0.7766394019126892,0.726530134677887
2025-09-26_19-17-52-c0419fea,c0419fea,waldo_3,10.0,3,3,2,0.0,0.0,0.0,1.0,0.0,0.0,0.0,1.0,0.1501220017671585,0.14060546457767487,0.6807109713554382,0.7010342478752136,0.8450786471366882
2025-09-26_19-17-52-c0419fea,c0419fea,waldo_3,10.0,2,3,2,0.0,0.0,1.0,0.0,0.0,0.0,0.0,1.0,0.33037498593330383,0.3056805729866028,0.9434757828712463,0.4001605808734894,0.8990753889083862
2025-09-26_19-17-52-c0419fea,c0419fea,waldo_3,10.0,2,2,2,0.0,0.0,1.0,0.0,0.0,0.0,1.0,0.0,0.33037498593330383,0.17873699963092804,-0.7132799625396729,0.2891619801521301,0.7589817047119141
2025-09-26_19-17-52-c0419fea,c0419fea,waldo_3,10.0,2,2,0,0.0,0.0,1.0,0.0,0.0,0.0,1.0,0.0,0.12012500315904617,0.04424795135855675,-0.06621555238962173,0.33245599269866943,0.749843418598175
2025-09-26_19-17-52-c0419fea,c0419fea,waldo_3,10.0,0,2,0,1.0,0.0,0.0,0.0,0.0,0.0,1.0,0.0,0.2252500057220459,0.3439820408821106,-0.43748739361763,0.39957693219184875,0.41247355937957764
2025-09-26_19-17-52-c0419fea,c0419fea,waldo_3,10.0,0,0,0,1.0,0.0,0.0,0.0,1.0,0.0,0.0,0.0,0.25025099515914917,0.2663843333721161,-0.675752580165863,0.25985488295555115,0.1856732815504074
2025-09-26_19-17-52-c0419fea,c0419fea,waldo_3,10.0,0,0,2,1.0,0.0,0.0,0.0,1.0,0.0,0.0,0.0,0.2952499985694885,0.10191610455513,-0.6947228312492371,0.2013252079486847,0.10223965346813202
2025-09-26_19-17-52-c0419fea,c0419fea,waldo_3,10.0,2,0,2,0.0,0.0,1.0,0.0,1.0,0.0,0.0,0.0,0.27524998784065247,0.40806373953819275,0.5039382576942444,0.19627660512924194,0.5102721452713013
2025-09-26_19-17-52-c0419fea,c0419fea,waldo_3,10.0,2,2,1,0.0,0.0,1.0,0.0,0.0,0.0,1.0,0.0,0.22012999653816223,0.23361685872077942,0.11064869910478592,0.4159204959869385,0.5898548364639282
2025-09-26_19-17-52-c0419fea,c0419fea,waldo_3,10.0,1,2,2,0.0,1.0,0.0,0.0,0.0,0.0,1.0,0.0,0.19512499868869781,0.30022162199020386,-0.3107922375202179,0.5840515494346619,0.3411281108856201
2025-09-26_19-17-52-c0419fea,c0419fea,waldo_3,10.0,2,1,2,0.0,0.0,1.0,0.0,0.0,1.0,0.0,0.0,0.24524599313735962,0.3490758240222931,0.771228551864624,0.3213168978691101,0.5709637403488159
2025-09-26_19-17-52-c0419fea,c0419fea,waldo_3,10.0,2,2,1,0.0,0.0,1.0,0.0,0.0,0.0,1.0,0.0,0.5954999923706055,0.10359089076519012,0.18373584747314453,0.40812408924102783,0.6274932026863098
2025-09-26_19-17-52-c0419fea,c0419fea,waldo_3,10.0,1,2,1,0.0,1.0,0.0,0.0,0.0,0.0,1.0,0.0,0.36537501215934753,0.43943706154823303,-0.2919755280017853,0.6752979755401611,0.2786049246788025
2025-09-26_19-17-52-c0419fea,c0419fea,waldo_3,10.0,1,1,2,0.0,1.0,0.0,0.0,0.0,1.0,0.0,0.0,0.11512500047683716,0.2067098617553711,0.6463820338249207,0.58355313539505,0.46383950114250183
2025-09-26_19-17-52-c0419fea,c0419fea,waldo_3,10.0,2,1,1,0.0,0.0,1.0,0.0,0.0,1.0,0.0,0.0,0.5003679990768433,0.26030510663986206,0.7640090584754944,0.39156967401504517,0.6396266222000122
2025-09-26_19-17-52-c0419fea,c0419fea,waldo_3,10.0,1,2,1,0.0,1.0,0.0,0.0,0.0,0.0,1.0,0.0,0.4253750145435333,0.6222943067550659,-0.27253565192222595,0.7993688583374023,0.16957339644432068
2025-09-26_19-17-52-c0419fea,c0419fea,waldo_3,10.0,1,1,1,0.0,1.0,0.0,0.0,0.0,1.0,0.0,0.0,0.18512499332427979,0.13030321896076202,0.5867981910705566,0.7642759084701538,0.2950620949268341
2025-09-26_19-17-52-c0419fea,c0419fea,waldo_3,10.0,1,1,1,0.0,1.0,0.0,0.0,0.0,1.0,0.0,0.0,0.27524998784065247,0.07521693408489227,0.4805960953235626,0.7688581943511963,0.37013930082321167
2025-09-26_19-17-52-c0419fea,c0419fea,waldo_3,10.0,1,1,1,0.0,1.0,0.0,0.0,0.0,1.0,0.0,0.0,0.9308739900588989,0.23464684188365936,-0.48267439007759094,0.7816237211227417,0.13583996891975403
2025-09-26_19-17-52-c0419fea,c0419fea,waldo_3,10.0,1,1,0,0.0,1.0,0.0,0.0,0.0,1.0,0.0,0.0,0.2201160043478012,0.04899391531944275,0.6331830620765686,0.7617172002792358,0.18060754239559174
2025-09-26_19-17-52-c0419fea,c0419fea,waldo_3,10.0,0,1,0,1.0,0.0,0.0,0.0,0.0,1.0,0.0,0.0,0.2502489984035492,0.33481308817863464,-0.9916895627975464,0.4270182251930237,0.1718672513961792
2025-09-26_19-17-52-c0419fea,c0419fea,waldo_4,10.0,1,1,0,0.0,1.0,0.0,0.0,0.0,1.0,0.0,0.0,0.31037500500679016,0.10672544687986374,-0.36063382029533386,0.5582354664802551,0.36157944798469543
2025-09-26_19-17-52-c0419fea,c0419fea,waldo_4,10.0,0,1,1,1.0,0.0,0.0,0.0,0.0,1.0,0.0,0.0,0.49549999833106995,0.10213524103164673,-0.8636220097541809,0.46533188223838806,0.3191467523574829
2025-09-26_19-17-52-c0419fea,c0419fea,waldo_4,10.0,1,0,1,0.0,1.0,0.0,0.0,1.0,0.0,0.0,0.0,0.28025099635124207,0.117156483232975,0.04579836502671242,0.5812777876853943,0.33594509959220886
2025-09-26_19-27-31-2699d4a1,2699d4a1,waldo_1,10.0,0,0,0,1.0,0.0,0.0,0.0,1.0,0.0,0.0,0.0,0.40037500858306885,0.06208498403429985,0.5607824325561523,0.34003782272338867,0.21066507697105408
2025-09-26_19-27-31-2699d4a1,2699d4a1,waldo_1,10.0,0,0,0,1.0,0.0,0.0,0.0,1.0,0.0,0.0,0.0,0.3503740131855011,0.05950017273426056,-0.03676013648509979,0.39914166927337646,0.20380893349647522
2025-09-26_19-27-31-2699d4a1,2699d4a1,waldo_1,10.0,0,0,1,1.0,0.0,0.0,0.0,1.0,0.0,0.0,0.0,0.515500009059906,0.0792686864733696,-0.007723861839622259,0.4783870279788971,0.2018856555223465
2025-09-26_19-27-31-2699d4a1,2699d4a1,waldo_1,10.0,1,0,1,0.0,1.0,0.0,0.0,1.0,0.0,0.0,0.0,0.30524900555610657,0.07683665305376053,0.02964148111641407,0.5548907518386841,0.20903046429157257
2025-09-26_19-27-31-2699d4a1,2699d4a1,waldo_1,10.0,1,1,1,0.0,1.0,0.0,0.0,0.0,1.0,0.0,0.0,0.21012499928474426,0.014568419195711613,0.10708768665790558,0.5686424970626831,0.21383972465991974
2025-09-26_19-27-31-2699d4a1,2699d4a1,waldo_1,10.0,1,1,1,0.0,1.0,0.0,0.0,0.0,1.0,0.0,0.0,0.43537500500679016,0.03503017872571945,-0.5433568954467773,0.5638858079910278,0.17913399636745453
2025-09-26_19-27-31-2699d4a1,2699d4a1,waldo_1,10.0,1,1,1,0.0,1.0,0.0,0.0,0.0,1.0,0.0,0.0,0.28025200963020325,0.03135084733366966,-0.020173488184809685,0.595173716545105,0.17714841663837433
2025-09-26_19-27-31-2699d4a1,2699d4a1,waldo_1,10.0,1,1,1,0.0,1.0,0.0,0.0,0.0,1.0,0.0,0.0,0.23524999618530273,0.04434102401137352,0.18336892127990723,0.6323584914207458,0.2013024240732193
2025-09-26_19-27-31-2699d4a1,2699d4a1,waldo_1,10.0,1,1,1,0.0,1.0,0.0,0.0,0.0,1.0,0.0,0.0,0.5055000185966492,0.05410599708557129,-0.03896038606762886,0.6860597133636475,0.19469650089740753
2025-09-26_19-27-31-2699d4a1,2699d4a1,waldo_1,10.0,1,1,1,0.0,1.0,0.0,0.0,0.0,1.0,0.0,0.0,0.3403730094432831,0.04763594642281532,0.426864355802536,0.6969085931777954,0.24108059704303741
2025-09-26_19-27-31-2699d4a1,2699d4a1,waldo_1,10.0,1,1,1,0.0,1.0,0.0,0.0,0.0,1.0,0.0,0.0,1.0460000038146973,0.08555193245410919,0.01665663532912731,0.7823434472084045,0.2455553412437439
2025-09-26_19-27-31-2699d4a1,2699d4a1,waldo_1,10.0,1,1,1,0.0,1.0,0.0,0.0,0.0,1.0,0.0,0.0,0.21524199843406677,0.04331532493233681,0.38360464572906494,0.7978317737579346,0.286006897687912
2025-09-26_19-27-31-2699d4a1,2699d4a1,waldo_1,10.0,1,1,1,0.0,1.0,0.0,0.0,0.0,1.0,0.0,0.0,0.32036998867988586,0.03599864989519119,-0.8915515542030334,0.7639023065567017,0.27397802472114563
2025-09-26_19-27-31-2699d4a1,2699d4a1,waldo_1,10.0,1,1,1,0.0,1.0,0.0,0.0,0.0,1.0,0.0,0.0,0.15512500703334808,0.01873205415904522,0.8575624227523804,0.7470146417617798,0.28208330273628235
2025-09-26_19-27-31-2699d4a1,2699d4a1,waldo_1,10.0,1,1,1,0.0,1.0,0.0,0.0,0.0,1.0,0.0,0.0,0.4654980003833771,0.0258022490888834,0.6751875877380371,0.7335200309753418,0.3040753901004791
2025-09-26_19-27-31-2699d4a1,2699d4a1,waldo_1,10.0,1,1,1,0.0,1.0,0.0,0.0,0.0,1.0,0.0,0.0,0.21512800455093384,0.06047765910625458,-0.9552097916603088,0.6736401319503784,0.2955935001373291
2025-09-26_19-27-31-2699d4a1,2699d4a1,waldo_1,10.0,1,1,1,0.0,1.0,0.0,0.0,0.0,1.0,0.0,0.0,0.15512500703334808,0.023757366463541985,0.8283729553222656,0.6532531976699829,0.3077913522720337
2025-09-26_19-27-31-2699d4a1,2699d4a1,waldo_1,10.0,1,1,1,0.0,1.0,0.0,0.0,0.0,1.0,0.0,0.0,0.4754999876022339,0.05167227238416672,-0.9516255259513855,0.6021764874458313,0.29996874928474426
2025-09-26_19-27-31-2699d4a1,2699d4a1,waldo_1,10.0,1,1,1,0.0,1.0,0.0,0.0,0.0,1.0,0.0,0.0,0.30024200677871704,0.03831951692700386,-0.14913974702358246,0.6363663673400879,0.28266438841819763
2025-09-26_19-27-31-2699d4a1,2699d4a1,waldo_1,10.0,1,1,0,0.0,1.0,0.0,0.0,0.0,1.0,0.0,0.0,0.5756350159645081,0.13368232548236847,0.9472568035125732,0.5045149922370911,0.30471399426460266
2025-09-26_19-27-31-2699d4a1,2699d4a1,waldo_1,10.0,0,1,0,1.0,0.0,0.0,0.0,0.0,1.0,0.0,0.0,0.7106329798698425,0.07824939489364624,-0.9747151732444763,0.42651233077049255,0.2985048294067383
2025-09-26_19-27-31-2699d4a1,2699d4a1,waldo_2,10.0,3,0,3,0.0,0.0,0.0,1.0,1.0,0.0,0.0,0.0,0.1251250058412552,0.27115756273269653,0.22514992952346802,0.6802080869674683,0.5467740893363953
2025-09-26_19-27-31-2699d4a1,2699d4a1,waldo_2,10.0,3,3,1,0.0,0.0,0.0,1.0,0.0,0.0,0.0,1.0,0.1652500033378601,0.09935087710618973,0.5656465888023376,0.6598634123802185,0.644019603729248
2025-09-26_19-27-31-2699d4a1,2699d4a1,waldo_2,10.0,1,3,1,0.0,1.0,0.0,0.0,0.0,0.0,0.0,1.0,0.16512499749660492,0.4436541795730591,-0.5335928797721863,0.6131292581558228,0.20283377170562744
2025-09-26_19-27-31-2699d4a1,2699d4a1,waldo_2,10.0,1,1,1,0.0,1.0,0.0,0.0,0.0,1.0,0.0,0.0,0.21512499451637268,0.05778104439377785,0.9663215279579163,0.5556712746620178,0.20893584191799164
2025-09-26_19-27-31-2699d4a1,2699d4a1,waldo_2,10.0,1,1,1,0.0,1.0,0.0,0.0,0.0,1.0,0.0,0.0,0.1602499932050705,0.08157030493021011,-0.46544593572616577,0.5645087957382202,0.12784568965435028
2025-09-26_19-27-31-2699d4a1,2699d4a1,waldo_2,10.0,1,1,0,0.0,1.0,0.0,0.0,0.0,1.0,0.0,0.0,0.30524998903274536,0.02843712456524372,-0.21310833096504211,0.5868072509765625,0.11019778996706009
2025-09-26_19-27-31-2699d4a1,2699d4a1,waldo_2,10.0,0,1,0,1.0,0.0,0.0,0.0,0.0,1.0,0.0,0.0,0.7106249928474426,0.3930298388004303,-0.9768587350845337,0.19481559097766876,0.08164948225021362
2025-09-26_19-27-31-2699d4a1,2699d4a1,waldo_2,10.0,0,0,0,1.0,0.0,0.0,0.0,1.0,0.0,0.0,0.0,0.6006289720535278,0.17735648155212402,0.11463691294193268,0.3607940375804901,0.1441512554883957
2025-09-26_19-27-31-2699d4a1,2699d4a1,waldo_2,10.0,0,0,0,1.0,0.0,0.0,0.0,1.0,0.0,0.0,0.0,0.16511200368404388,0.583982527256012,-0.5410431623458862,0.2857033312320709,-0.43498343229293823
2025-09-26_19-27-31-2699d4a1,2699d4a1,waldo_2,10.0,0,0,0,1.0,0.0,0.0,0.0,1.0,0.0,0.0,0.0,0.34026598930358887,0.5017567873001099,0.5616539120674133,0.18912380933761597,0.057390689849853516
2025-09-26_19-27-31-2699d4a1,2699d4a1,waldo_2,10.0,0,0,1,1.0,0.0,0.0,0.0,1.0,0.0,0.0,0.0,0.5955020189285278,0.11545044928789139,0.14912103116512299,0.2921352684497833,0.1095198467373848
2025-09-26_19-27-31-2699d4a1,2699d4a1,waldo_2,10.0,1,0,1,0.0,1.0,0.0,0.0,1.0,0.0,0.0,0.0,0.6104999780654907,0.42826589941978455,0.1245054304599762,0.6880555152893066,0.2727951407432556
2025-09-26_19-27-31-2699d4a1,2699d4a1,waldo_2,10.0,1,1,1,0.0,1.0,0.0,0.0,0.0,1.0,0.0,0.0,0.3152500092983246,0.2294057160615921,-0.34074172377586365,0.7981038689613342,0.07150840759277344
2025-09-26_19-27-31-2699d4a1,2699d4a1,waldo_2,10.0,1,1,1,0.0,1.0,0.0,0.0,0.0,1.0,0.0,0.0,0.16013400256633759,0.022390758618712425,0.3158169984817505,0.8103488087654114,0.09025426208972931
2025-09-26_19-27-31-2699d4a1,2699d4a1,waldo_2,10.0,1,1,1,0.0,1.0,0.0,0.0,0.0,1.0,0.0,0.0,0.3802500069141388,0.07465460896492004,0.4912812411785126,0.8123934268951416,0.1648808717727661
2025-09-26_19-27-31-2699d4a1,2699d4a1,waldo_2,10.0,1,1,1,0.0,1.0,0.0,0.0,0.0,1.0,0.0,0.0,0.8007509708404541,0.10801421850919724,-0.8232581615447998,0.7206063270568848,0.10794048011302948
2025-09-26_19-27-31-2699d4a1,2699d4a1,waldo_2,10.0,1,1,1,0.0,1.0,0.0,0.0,0.0,1.0,0.0,0.0,0.15512500703334808,0.12813007831573486,0.18989215791225433,0.8266046643257141,0.1799243539571762
2025-09-26_19-27-31-2699d4a1,2699d4a1,waldo_3,10.0,1,1,0,0.0,1.0,0.0,0.0,0.0,1.0,0.0,0.0,0.2952499985694885,0.18317735195159912,-0.6729618906974792,0.614205002784729,0.2293364554643631
2025-09-26_19-27-31-2699d4a1,2699d4a1,waldo_3,10.0,0,1,0,1.0,0.0,0.0,0.0,0.0,1.0,0.0,0.0,0.3153719902038574,0.23568671941757202,-0.905505895614624,0.38882744312286377,0.1603931486606598
2025-09-26_19-27-31-2699d4a1,2699d4a1,waldo_3,10.0,0,0,3,1.0,0.0,0.0,0.0,1.0,0.0,0.0,0.0,0.19512100517749786,0.07999562472105026,-0.2674054801464081,0.44221681356430054,0.10082073509693146
2025-09-26_19-27-31-2699d4a1,2699d4a1,waldo_3,10.0,3,0,0,0.0,0.0,0.0,1.0,1.0,0.0,0.0,0.0,0.3552510142326355,0.5007602572441101,0.3625430762767792,0.6518034338951111,0.5556111335754395
2025-09-26_19-27-31-2699d4a1,2699d4a1,waldo_3,10.0,0,3,0,1.0,0.0,0.0,0.0,0.0,0.0,0.0,1.0,0.21012499928474426,0.6086655855178833,-0.6565144658088684,0.36443454027175903,0.0190545916557312
2025-09-26_19-27-31-2699d4a1,2699d4a1,waldo_3,10.0,0,0,1,1.0,0.0,0.0,0.0,1.0,0.0,0.0,0.0,0.2051199972629547,0.096088707447052,0.583900511264801,0.3393996059894562,0.11182469129562378
2025-09-26_19-27-31-2699d4a1,2699d4a1,waldo_3,10.0,1,0,1,0.0,1.0,0.0,0.0,1.0,0.0,0.0,0.0,0.1902489960193634,0.18184824287891388,-0.1330748349428177,0.5055862665176392,0.03799527883529663
2025-09-26_19-27-31-2699d4a1,2699d4a1,waldo_3,10.0,1,1,1,0.0,1.0,0.0,0.0,0.0,1.0,0.0,0.0,0.2552439868450165,0.08669928461313248,0.14487512409687042,0.5834595561027527,0.07610714435577393
2025-09-26_19-27-31-2699d4a1,2699d4a1,waldo_3,10.0,1,1,0,0.0,1.0,0.0,0.0,0.0,1.0,0.0,0.0,0.0751200020313263,0.03311551734805107,-0.9742858409881592,0.5504520535469055,0.07343486696481705
2025-09-26_19-27-31-2699d4a1,2699d4a1,waldo_3,10.0,0,1,0,1.0,0.0,0.0,0.0,0.0,1.0,0.0,0.0,0.23024499416351318,0.37830546498298645,0.9075006246566772,0.18800762295722961,0.18182799220085144
2025-09-26_19-27-31-2699d4a1,2699d4a1,waldo_3,10.0,0,0,0,1.0,0.0,0.0,0.0,1.0,0.0,0.0,0.0,0.17524999380111694,0.09128415584564209,-0.322730153799057,0.23625726997852325,0.10433755069971085
2025-09-26_19-27-31-2699d4a1,2699d4a1,waldo_3,10.0,0,0,1,1.0,0.0,0.0,0.0,1.0,0.0,0.0,0.0,0.20524999499320984,0.08135926723480225,0.33690351247787476,0.2761440873146057,0.17524856328964233
2025-09-26_19-27-31-2699d4a1,2699d4a1,waldo_3,10.0,1,0,1,0.0,1.0,0.0,0.0,1.0,0.0,0.0,0.0,0.5354999899864197,0.4441679120063782,-0.07240302860736847,0.7088711857795715,0.07508671283721924
2025-09-26_19-27-31-2699d4a1,2699d4a1,waldo_3,10.0,1,1,1,0.0,1.0,0.0,0.0,0.0,1.0,0.0,0.0,0.15012499690055847,0.09193659573793411,0.9868720173835754,0.6170127391815186,0.07887735962867737
2025-09-26_19-27-31-2699d4a1,2699d4a1,waldo_3,10.0,1,1,1,0.0,1.0,0.0,0.0,0.0,1.0,0.0,0.0,0.2852500081062317,0.23890674114227295,0.22048331797122955,0.8008621335029602,0.23144157230854034
2025-09-26_19-27-31-2699d4a1,2699d4a1,waldo_3,10.0,1,1,1,0.0,1.0,0.0,0.0,0.0,1.0,0.0,0.0,0.27025800943374634,0.10094277560710907,-0.6304737329483032,0.7606350779533386,0.13886064291000366
2025-09-26_19-27-31-2699d4a1,2699d4a1,waldo_3,10.0,1,1,1,0.0,1.0,0.0,0.0,0.0,1.0,0.0,0.0,0.6056249737739563,0.2488216757774353,0.48763585090637207,0.770297646522522,0.38749462366104126
2025-09-26_19-27-31-2699d4a1,2699d4a1,waldo_3,10.0,1,1,1,0.0,1.0,0.0,0.0,0.0,1.0,0.0,0.0,0.07511399686336517,0.04355631396174431,-0.27180981636047363,0.7989157438278198,0.3546593189239502
2025-09-26_19-27-31-2699d4a1,2699d4a1,waldo_3,10.0,1,1,1,0.0,1.0,0.0,0.0,0.0,1.0,0.0,0.0,0.5304999947547913,0.24286580085754395,-0.5045813322067261,0.7954204082489014,0.11181866377592087
2025-09-26_19-27-31-2699d4a1,2699d4a1,waldo_3,10.0,1,1,1,0.0,1.0,0.0,0.0,0.0,1.0,0.0,0.0,0.5454999804496765,0.10041116923093796,0.4201335310935974,0.8203508257865906,0.20908570289611816
2025-09-26_19-27-31-2699d4a1,2699d4a1,waldo_3,10.0,1,1,1,0.0,1.0,0.0,0.0,0.0,1.0,0.0,0.0,0.2002519965171814,0.07972946017980576,0.9744564890861511,0.7408779263496399,0.2154769003391266
2025-09-26_19-27-31-2699d4a1,2699d4a1,waldo_3,10.0,1,1,1,0.0,1.0,0.0,0.0,0.0,1.0,0.0,0.0,0.4754999876022339,0.11311723291873932,0.7280603051185608,0.6665906310081482,0.3007816672325134
2025-09-26_19-27-31-2699d4a1,2699d4a1,waldo_3,10.0,1,1,1,0.0,1.0,0.0,0.0,0.0,1.0,0.0,0.0,0.13512499630451202,0.14122940599918365,-0.2819660007953644,0.755939781665802,0.19140858948230743
2025-09-26_19-27-31-2699d4a1,2699d4a1,waldo_3,10.0,1,1,1,0.0,1.0,0.0,0.0,0.0,1.0,0.0,0.0,0.2502500116825104,0.06905260682106018,0.19109377264976501,0.8129181861877441,0.23041793704032898
2025-09-26_19-27-31-2699d4a1,2699d4a1,waldo_3,10.0,1,1,1,0.0,1.0,0.0,0.0,0.0,1.0,0.0,0.0,0.39536499977111816,0.04502635821700096,0.9477636814117432,0.7684967517852783,0.23777388036251068
2025-09-26_19-27-31-2699d4a1,2699d4a1,waldo_4,10.0,0,0,0,1.0,0.0,0.0,0.0,1.0,0.0,0.0,0.0,0.17512500286102295,0.25611066818237305,0.45233553647994995,0.33114397525787354,0.44223108887672424
2025-09-26_19-27-31-2699d4a1,2699d4a1,waldo_4,10.0,0,0,0,1.0,0.0,0.0,0.0,1.0,0.0,0.0,0.0,0.20024999976158142,0.19857440888881683,-0.4984164535999298,0.33213183283805847,0.2436591386795044
2025-09-26_19-27-31-2699d4a1,2699d4a1,waldo_4,10.0,0,0,0,1.0,0.0,0.0,0.0,1.0,0.0,0.0,0.0,0.3803749978542328,0.09377589821815491,-0.9851524829864502,0.23845794796943665,0.23928657174110413
2025-09-26_19-27-31-2699d4a1,2699d4a1,waldo_4,10.0,0,0,0,1.0,0.0,0.0,0.0,1.0,0.0,0.0,0.0,0.37537500262260437,0.05543111637234688,-0.7864673733711243,0.19503849744796753,0.20482845604419708
2025-09-26_19-27-31-2699d4a1,2699d4a1,waldo_4,10.0,0,0,0,1.0,0.0,0.0,0.0,1.0,0.0,0.0,0.0,0.2252490073442459,0.026080459356307983,0.0030251075513660908,0.2211177945137024,0.20507632195949554
2025-09-26_19-27-31-2699d4a1,2699d4a1,waldo_4,10.0,0,0,0,1.0,0.0,0.0,0.0,1.0,0.0,0.0,0.0,0.2202499955892563,0.04808135703206062,0.7593044638633728,0.18613998591899872,0.23806677758693695
2025-09-26_19-27-31-2699d4a1,2699d4a1,waldo_4,10.0,0,0,0,1.0,0.0,0.0,0.0,1.0,0.0,0.0,0.0,0.28025001287460327,0.16030515730381012,-0.035581160336732864,0.3454446792602539,0.22018492221832275
2025-09-26_19-27-31-2699d4a1,2699d4a1,waldo_4,10.0,0,0,0,1.0,0.0,0.0,0.0,1.0,0.0,0.0,0.0,0.15525400638580322,0.08937012404203415,0.1776011437177658,0.42126110196113586,0.2675018012523651
2025-09-26_19-27-31-2699d4a1,2699d4a1,waldo_4,10.0,0,0,0,1.0,0.0,0.0,0.0,1.0,0.0,0.0,0.0,0.36037498712539673,0.03890903666615486,-0.15894417464733124,0.4554193615913391,0.24887043237686157
2025-09-26_19-27-31-2699d4a1,2699d4a1,waldo_4,10.0,0,0,0,1.0,0.0,0.0,0.0,1.0,0.0,0.0,0.0,0.27024999260902405,0.15056566894054413,0.9596089720726013,0.3060642182826996,0.26792481541633606
2025-09-26_19-27-31-2699d4a1,2699d4a1,waldo_4,10.0,0,0,1,1.0,0.0,0.0,0.0,1.0,0.0,0.0,0.0,0.4503830075263977,0.15686149895191193,-0.9804744720458984,0.14949774742126465,0.2583087682723999
2025-09-26_19-27-31-2699d4a1,2699d4a1,waldo_4,10.0,1,0,1,0.0,1.0,0.0,0.0,1.0,0.0,0.0,0.0,0.4503749907016754,0.45433706045150757,0.06321075558662415,0.5949058532714844,0.3479402959346771
2025-09-26_19-27-31-2699d4a1,2699d4a1,waldo_4,10.0,1,1,1,0.0,1.0,0.0,0.0,0.0,1.0,0.0,0.0,0.14012500643730164,0.018670296296477318,-0.6642188429832458,0.5856952667236328,0.33170002698898315
2025-09-26_19-29-58-b4f7a1df,b4f7a1df,waldo_1,10.0,0,0,0,1.0,0.0,0.0,0.0,1.0,0.0,0.0,0.0,0.18012499809265137,0.05300414189696312,-0.17540596425533295,0.2891708314418793,0.4111766815185547
2025-09-26_19-29-58-b4f7a1df,b4f7a1df,waldo_1,10.0,0,0,0,1.0,0.0,0.0,0.0,1.0,0.0,0.0,0.0,0.11513400077819824,0.13832056522369385,0.06584147363901138,0.4245428442955017,0.43958431482315063
2025-09-26_19-29-58-b4f7a1df,b4f7a1df,waldo_1,10.0,0,0,0,1.0,0.0,0.0,0.0,1.0,0.0,0.0,0.0,0.18512499332427979,0.35272136330604553,-0.7151374220848083,0.20388761162757874,0.16440504789352417
2025-09-26_19-29-58-b4f7a1df,b4f7a1df,waldo_1,10.0,0,0,2,1.0,0.0,0.0,0.0,1.0,0.0,0.0,0.0,0.2502399981021881,0.35703200101852417,0.28959476947784424,0.42307403683662415,0.44623684883117676
2025-09-26_19-29-58-b4f7a1df,b4f7a1df,waldo_1,10.0,2,0,0,0.0,0.0,1.0,0.0,1.0,0.0,0.0,0.0,0.24525000154972076,0.10147980600595474,0.24968399107456207,0.49490228295326233,0.5179226398468018
2025-09-26_19-29-58-b4f7a1df,b4f7a1df,waldo_1,10.0,0,2,2,1.0,0.0,0.0,0.0,0.0,0.0,1.0,0.0,0.3152570128440857,0.2602965235710144,-0.5473738312721252,0.4563054144382477,0.2605035901069641
2025-09-26_19-29-58-b4f7a1df,b4f7a1df,waldo_1,10.0,2,0,2,0.0,0.0,1.0,0.0,1.0,0.0,0.0,0.0,0.2552419900894165,0.6171203255653381,0.5287702679634094,0.4006032347679138,0.8751049041748047
2025-09-26_19-29-58-b4f7a1df,b4f7a1df,waldo_1,10.0,2,2,2,0.0,0.0,1.0,0.0,0.0,0.0,1.0,0.0,0.36037498712539673,0.1756463199853897,0.9676792621612549,0.22586160898208618,0.8929091691970825
2025-09-26_19-29-58-b4f7a1df,b4f7a1df,waldo_1,10.0,2,2,2,0.0,0.0,1.0,0.0,0.0,0.0,1.0,0.0,0.26024898886680603,0.09536392986774445,-0.569692850112915,0.20514841377735138,0.7998219132423401
2025-09-26_19-29-58-b4f7a1df,b4f7a1df,waldo_1,10.0,2,2,2,0.0,0.0,1.0,0.0,0.0,0.0,1.0,0.0,0.26026099920272827,0.2473973035812378,0.15474940836429596,0.4238807260990143,0.9154143333435059
2025-09-26_19-29-58-b4f7a1df,b4f7a1df,waldo_1,10.0,2,2,3,0.0,0.0,1.0,0.0,0.0,0.0,1.0,0.0,0.18025000393390656,0.05127529799938202,-0.030875012278556824,0.4749149978160858,0.9104485511779785
2025-09-26_19-29-58-b4f7a1df,b4f7a1df,waldo_1,10.0,3,2,3,0.0,0.0,0.0,1.0,0.0,0.0,1.0,0.0,0.2502500116825104,0.04230347275733948,-0.21733854711055756,0.5077347159385681,0.8837568163871765
2025-09-26_19-29-58-b4f7a1df,b4f7a1df,waldo_1,10.0,3,3,3,0.0,0.0,0.0,1.0,0.0,0.0,0.0,1.0,0.21025000512599945,0.23137201368808746,0.07395097613334656,0.7328906655311584,0.9370278120040894
2025-09-26_19-29-58-b4f7a1df,b4f7a1df,waldo_1,10.0,3,3,3,0.0,0.0,0.0,1.0,0.0,0.0,0.0,1.0,0.41037699580192566,0.045690253376960754,-0.23807041347026825,0.7663863897323608,0.9059531092643738
2025-09-26_19-29-58-b4f7a1df,b4f7a1df,waldo_1,10.0,3,3,3,0.0,0.0,0.0,1.0,0.0,0.0,0.0,1.0,0.2252500057220459,0.15376852452754974,-0.5076335072517395,0.7626991868019104,0.7522287964820862
2025-09-26_19-29-58-b4f7a1df,b4f7a1df,waldo_1,10.0,3,3,3,0.0,0.0,0.0,1.0,0.0,0.0,0.0,1.0,0.320250004529953,0.06157991290092468,-0.2941990792751312,0.7997968196868896,0.703077495098114
2025-09-26_19-29-58-b4f7a1df,b4f7a1df,waldo_1,10.0,3,3,3,0.0,0.0,0.0,1.0,0.0,0.0,0.0,1.0,0.16512499749660492,0.18536971509456635,-0.5331785678863525,0.7805100083351135,0.5187138319015503
2025-09-26_19-29-58-b4f7a1df,b4f7a1df,waldo_1,10.0,3,3,3,0.0,0.0,0.0,1.0,0.0,0.0,0.0,1.0,0.2902500033378601,0.1662651151418686,0.9602022171020508,0.6155427098274231,0.5394476056098938
2025-09-26_19-29-58-b4f7a1df,b4f7a1df,waldo_1,10.0,3,3,2,0.0,0.0,0.0,1.0,0.0,0.0,0.0,1.0,0.37025201320648193,0.22190044820308685,0.5801832675933838,0.5602346062660217,0.7543448209762573
2025-09-26_19-29-58-b4f7a1df,b4f7a1df,waldo_1,10.0,2,3,2,0.0,0.0,1.0,0.0,0.0,0.0,0.0,1.0,0.40537500381469727,0.13535712659358978,-0.8291923403739929,0.44390225410461426,0.6851470470428467
2025-09-26_19-29-58-b4f7a1df,b4f7a1df,waldo_1,10.0,2,2,2,0.0,0.0,1.0,0.0,0.0,0.0,1.0,0.0,0.31025001406669617,0.12273965775966644,-0.8867334127426147,0.3288516104221344,0.6423875689506531
2025-09-26_19-29-58-b4f7a1df,b4f7a1df,waldo_1,10.0,2,2,0,0.0,0.0,1.0,0.0,0.0,0.0,1.0,0.0,0.3552500009536743,0.14572390913963318,-0.8278295993804932,0.20392963290214539,0.5673545598983765
2025-09-26_19-29-58-b4f7a1df,b4f7a1df,waldo_1,10.0,0,2,0,1.0,0.0,0.0,0.0,0.0,0.0,1.0,0.0,0.2852500081062317,0.176645427942276,-0.5936616063117981,0.15269911289215088,0.3983011841773987
2025-09-26_19-29-58-b4f7a1df,b4f7a1df,waldo_1,10.0,0,0,0,1.0,0.0,0.0,0.0,1.0,0.0,0.0,0.0,0.39038100838661194,0.07014625519514084,-0.2744898796081543,0.19834089279174805,0.3450346291065216
2025-09-26_19-29-58-b4f7a1df,b4f7a1df,waldo_1,10.0,0,0,0,1.0,0.0,0.0,0.0,1.0,0.0,0.0,0.0,0.5655099749565125,0.12526066601276398,-0.06670045107603073,0.3208615481853485,0.3189784586429596
2025-09-26_19-29-58-b4f7a1df,b4f7a1df,waldo_1,10.0,0,0,1,1.0,0.0,0.0,0.0,1.0,0.0,0.0,0.0,0.2852489948272705,0.0969487801194191,0.029115568846464157,0.41740503907203674,0.32783395051956177
2025-09-26_19-29-58-b4f7a1df,b4f7a1df,waldo_1,10.0,1,0,0,0.0,1.0,0.0,0.0,1.0,0.0,0.0,0.0,0.20012600719928741,0.12070857733488083,0.031086044386029243,0.5375384092330933,0.33960357308387756
2025-09-26_19-29-58-b4f7a1df,b4f7a1df,waldo_1,10.0,0,1,2,1.0,0.0,0.0,0.0,0.0,1.0,0.0,0.0,0.3652459979057312,0.14967404305934906,0.7636094093322754,0.42727598547935486,0.44081875681877136
2025-09-26_19-29-58-b4f7a1df,b4f7a1df,waldo_1,10.0,2,0,2,0.0,0.0,1.0,0.0,1.0,0.0,0.0,0.0,0.2301120012998581,0.14861641824245453,0.6985519528388977,0.3404693007469177,0.5614480972290039
2025-09-26_19-29-58-b4f7a1df,b4f7a1df,waldo_2,10.0,0,3,2,1.0,0.0,0.0,0.0,0.0,0.0,0.0,1.0,0.5705000162124634,0.4581306278705597,-0.6957951784133911,0.471821665763855,0.37345147132873535
2025-09-26_19-29-58-b4f7a1df,b4f7a1df,waldo_2,10.0,2,0,0,0.0,0.0,1.0,0.0,1.0,0.0,0.0,0.0,0.3702490031719208,0.29815542697906494,0.5726552605628967,0.40435612201690674,0.6638736724853516
2025-09-26_19-29-58-b4f7a1df,b4f7a1df,waldo_2,10.0,0,2,0,1.0,0.0,0.0,0.0,0.0,0.0,1.0,0.0,0.27024999260902405,0.5123346447944641,-0.5532994270324707,0.3189685046672821,0.15870463848114014
2025-09-26_19-29-58-b4f7a1df,b4f7a1df,waldo_2,10.0,0,0,0,1.0,0.0,0.0,0.0,1.0,0.0,0.0,0.0,0.23025000095367432,0.12279438972473145,-0.8262885808944702,0.21401019394397736,0.09496912360191345
2025-09-26_19-29-58-b4f7a1df,b4f7a1df,waldo_2,10.0,0,0,1,1.0,0.0,0.0,0.0,1.0,0.0,0.0,0.0,0.4205000102519989,0.22657141089439392,0.06387560814619064,0.43603500723838806,0.1401309370994568
2025-09-26_19-29-58-b4f7a1df,b4f7a1df,waldo_3,10.0,0,1,1,1.0,0.0,0.0,0.0,0.0,1.0,0.0,0.0,0.26525598764419556,0.2572546601295471,0.6735577583312988,0.49535152316093445,0.46405962109565735
2025-09-26_19-29-58-b4f7a1df,b4f7a1df,waldo_3,10.0,1,0,1,0.0,1.0,0.0,0.0,1.0,0.0,0.0,0.0,0.24024400115013123,0.09857995808124542,-0.4017351269721985,0.5253028869628906,0.37013983726501465
2025-09-26_19-29-58-b4f7a1df,b4f7a1df,waldo_3,10.0,1,1,2,0.0,1.0,0.0,0.0,0.0,1.0,0.0,0.0,0.25025099515914917,0.09735748171806335,-0.4693955183029175,0.5346490740776062,0.27323201298713684
2025-09-26_19-29-58-b4f7a1df,b4f7a1df,waldo_3,10.0,2,1,3,0.0,0.0,1.0,0.0,0.0,1.0,0.0,0.0,0.27524998784065247,0.5258439779281616,0.5761663913726807,0.4100204408168793,0.7840936183929443
2025-09-26_19-29-58-b4f7a1df,b4f7a1df,waldo_3,10.0,3,2,3,0.0,0.0,0.0,1.0,0.0,0.0,1.0,0.0,0.21512000262737274,0.21325184404850006,0.11870139837265015,0.6086156368255615,0.8617873191833496
2025-09-26_19-29-58-b4f7a1df,b4f7a1df,waldo_3,10.0,3,3,3,0.0,0.0,0.0,1.0,0.0,0.0,0.0,1.0,0.19513200223445892,0.13973870873451233,-0.11803470551967621,0.7388564944267273,0.8111492395401001
2025-09-26_19-29-58-b4f7a1df,b4f7a1df,waldo_3,10.0,3,3,1,0.0,0.0,0.0,1.0,0.0,0.0,0.0,1.0,0.17512400448322296,0.2177678495645523,-0.4716530740261078,0.7582240700721741,0.5942443609237671
2025-09-26_19-29-58-b4f7a1df,b4f7a1df,waldo_3,10.0,1,3,1,0.0,1.0,0.0,0.0,0.0,0.0,0.0,1.0,0.20024900138378143,0.16546788811683655,-0.4841156303882599,0.7664778828620911,0.4289824366569519
2025-09-26_19-29-58-b4f7a1df,b4f7a1df,waldo_3,10.0,1,1,1,0.0,1.0,0.0,0.0,0.0,1.0,0.0,0.0,0.20525899529457092,0.22161200642585754,-0.49946048855781555,0.7668535113334656,0.20737074315547943
2025-09-26_19-29-58-b4f7a1df,b4f7a1df,waldo_3,10.0,1,1,1,0.0,1.0,0.0,0.0,0.0,1.0,0.0,0.0,0.18512499332427979,0.05284097418189049,-0.322622150182724,0.7947986125946045,0.16252391040325165
2025-09-26_19-29-58-b4f7a1df,b4f7a1df,waldo_3,10.0,1,1,0,0.0,1.0,0.0,0.0,0.0,1.0,0.0,0.0,0.3152500092983246,0.2625085115432739,0.9788677096366882,0.5328683853149414,0.17993880808353424
2025-09-26_19-29-58-b4f7a1df,b4f7a1df,waldo_3,10.0,0,1,2,1.0,0.0,0.0,0.0,0.0,1.0,0.0,0.0,0.08012499660253525,0.20122526586055756,0.9805999398231506,0.3320167362689972,0.19219531118869781
2025-09-26_19-29-58-b4f7a1df,b4f7a1df,waldo_3,10.0,2,0,0,0.0,0.0,1.0,0.0,1.0,0.0,0.0,0.0,0.21025000512599945,0.5827341675758362,0.6364777088165283,0.08975028991699219,0.7221821546554565
2025-09-26_19-29-58-b4f7a1df,b4f7a1df,waldo_3,10.0,0,2,2,1.0,0.0,0.0,0.0,0.0,0.0,1.0,0.0,0.26524999737739563,0.45612871646881104,-0.40964049100875854,0.21750076115131378,0.28430864214897156
2025-09-26_19-29-58-b4f7a1df,b4f7a1df,waldo_3,10.0,2,0,2,0.0,0.0,1.0,0.0,1.0,0.0,0.0,0.0,0.2202640026807785,0.4255730211734772,0.5339431762695312,0.17220547795295715,0.707464337348938
2025-09-26_19-29-58-b4f7a1df,b4f7a1df,waldo_3,10.0,2,2,0,0.0,0.0,1.0,0.0,0.0,0.0,1.0,0.0,0.17512500286102295,0.1613502949476242,0.45061612129211426,0.197137713432312,0.8668767213821411
2025-09-26_19-29-58-b4f7a1df,b4f7a1df,waldo_3,10.0,0,2,0,1.0,0.0,0.0,0.0,0.0,0.0,1.0,0.0,0.29524898529052734,0.6424879431724548,-0.4939859211444855,0.20927603542804718,0.22450344264507294
2025-09-26_19-29-58-b4f7a1df,b4f7a1df,waldo_3,10.0,0,0,0,1.0,0.0,0.0,0.0,1.0,0.0,0.0,0.0,0.17026099562644958,0.10352109372615814,-0.46175095438957214,0.2216855138540268,0.1217288225889206
2025-09-26_19-29-58-b4f7a1df,b4f7a1df,waldo_4,10.0,0,0,0,1.0,0.0,0.0,0.0,1.0,0.0,0.0,0.0,0.42537400126457214,0.0326460637152195,-0.5333977341651917,0.44474613666534424,0.3914266526699066
2025-09-26_19-29-58-b4f7a1df,b4f7a1df,waldo_4,10.0,0,0,2,1.0,0.0,0.0,0.0,1.0,0.0,0.0,0.0,0.21012499928474426,0.1295773684978485,0.7557262182235718,0.3514877259731293,0.481388658285141
2025-09-26_19-29-58-b4f7a1df,b4f7a1df,waldo_4,10.0,2,0,0,0.0,0.0,1.0,0.0,1.0,0.0,0.0,0.0,0.1301250010728836,0.23078268766403198,0.532848596572876,0.32771390676498413,0.7109435796737671
2025-09-26_19-29-58-b4f7a1df,b4f7a1df,waldo_4,10.0,0,2,1,1.0,0.0,0.0,0.0,0.0,0.0,1.0,0.0,0.19512400031089783,0.4054949879646301,-0.3734496235847473,0.48471295833587646,0.33707529306411743
2025-09-26_19-29-58-b4f7a1df,b4f7a1df,waldo_4,10.0,1,0,1,0.0,1.0,0.0,0.0,1.0,0.0,0.0,0.0,0.25024300813674927,0.09030661731958389,0.0022596344351768494,0.5750173330307007,0.33771637082099915
2025-09-26_19-37-31-91230d39,91230d39,waldo_1,10.0,1,0,1,0.0,1.0,0.0,0.0,1.0,0.0,0.0,0.0,0.07512500137090683,0.07758015394210815,0.15710073709487915,0.5040658712387085,0.480141282081604
2025-09-26_19-37-31-91230d39,91230d39,waldo_1,10.0,1,1,1,0.0,1.0,0.0,0.0,0.0,1.0,0.0,0.0,0.14512400329113007,0.21974822878837585,-0.19166317582130432,0.6851674914360046,0.3556765019893646
2025-09-26_19-37-31-91230d39,91230d39,waldo_1,10.0,1,1,1,0.0,1.0,0.0,0.0,0.0,1.0,0.0,0.0,0.320250004529953,0.08431386947631836,-0.09758801013231277,0.765549898147583,0.3302304446697235
2025-09-26_19-37-31-91230d39,91230d39,waldo_1,10.0,1,1,1,0.0,1.0,0.0,0.0,0.0,1.0,0.0,0.0,0.21512499451637268,0.11830271035432816,0.8823390603065491,0.6552377343177795,0.3729711174964905
2025-09-26_19-37-31-91230d39,91230d39,waldo_1,10.0,1,1,1,0.0,1.0,0.0,0.0,0.0,1.0,0.0,0.0,0.26023998856544495,0.09258617460727692,-0.6265190243721008,0.6193987131118774,0.2876026928424835
2025-09-26_19-37-31-91230d39,91230d39,waldo_1,10.0,1,1,0,0.0,1.0,0.0,0.0,0.0,1.0,0.0,0.0,0.640625,0.0734107494354248,0.6300732493400574,0.5902283191680908,0.3549690544605255
2025-09-26_19-37-31-91230d39,91230d39,waldo_1,10.0,0,1,1,1.0,0.0,0.0,0.0,0.0,1.0,0.0,0.0,0.43037399649620056,0.09363380819559097,-0.9706537127494812,0.4969921410083771,0.3463487923145294
2025-09-26_19-37-31-91230d39,91230d39,waldo_1,10.0,1,0,1,0.0,1.0,0.0,0.0,1.0,0.0,0.0,0.0,0.43549901247024536,0.14422692358493805,0.15155041217803955,0.6251788139343262,0.4124515950679779
2025-09-26_19-37-31-91230d39,91230d39,waldo_1,10.0,1,1,1,0.0,1.0,0.0,0.0,0.0,1.0,0.0,0.0,0.12012899667024612,0.04506642743945122,-0.21463832259178162,0.6603820323944092,0.3843141198158264
2025-09-26_19-37-31-91230d39,91230d39,waldo_1,10.0,1,1,1,0.0,1.0,0.0,0.0,0.0,1.0,0.0,0.0,0.4805000126361847,0.16012436151504517,-0.08983403444290161,0.8141717314720154,0.33972102403640747
2025-09-26_19-37-31-91230d39,91230d39,waldo_1,10.0,1,1,3,0.0,1.0,0.0,0.0,0.0,1.0,0.0,0.0,0.2952499985694885,0.02474016509950161,-0.38267579674720764,0.8230854868888855,0.3166424632072449
2025-09-26_19-37-31-91230d39,91230d39,waldo_1,10.0,3,1,3,0.0,0.0,0.0,1.0,0.0,1.0,0.0,0.0,0.20025600492954254,0.2847677767276764,0.562462568283081,0.7675629258155823,0.5959450006484985
2025-09-26_19-37-31-91230d39,91230d39,waldo_1,10.0,3,3,3,0.0,0.0,0.0,1.0,0.0,0.0,0.0,1.0,0.23525799810886383,0.1954953521490097,-0.9216870069503784,0.5779544115066528,0.5483314990997314
2025-09-26_19-37-31-91230d39,91230d39,waldo_1,10.0,3,3,2,0.0,0.0,0.0,1.0,0.0,0.0,0.0,1.0,0.2602500021457672,0.02000655233860016,-0.9297369718551636,0.5584332942962646,0.5439510941505432
2025-09-26_19-37-31-91230d39,91230d39,waldo_1,10.0,2,3,0,0.0,0.0,1.0,0.0,0.0,0.0,0.0,1.0,0.27025100588798523,0.33958449959754944,0.6451292037963867,0.4089129865169525,0.8488466739654541
2025-09-26_19-37-31-91230d39,91230d39,waldo_1,10.0,0,2,0,1.0,0.0,0.0,0.0,0.0,0.0,1.0,0.0,0.4153740108013153,0.5329757928848267,-0.6162262558937073,0.21860016882419586,0.3510071039199829
2025-09-26_19-37-31-91230d39,91230d39,waldo_1,10.0,0,0,0,1.0,0.0,0.0,0.0,1.0,0.0,0.0,0.0,0.1602420061826706,0.10354959219694138,0.12118998169898987,0.31473496556282043,0.3894859254360199
2025-09-26_19-37-31-91230d39,91230d39,waldo_1,10.0,0,0,0,1.0,0.0,0.0,0.0,1.0,0.0,0.0,0.0,0.17012900114059448,0.061192817986011505,-0.9079980254173279,0.25608041882514954,0.3720444440841675
2025-09-26_19-37-31-91230d39,91230d39,waldo_1,10.0,0,0,2,1.0,0.0,0.0,0.0,1.0,0.0,0.0,0.0,0.3803589940071106,0.025503376498818398,-0.8448014259338379,0.23354887962341309,0.3600965738296509
2025-09-26_19-37-31-91230d39,91230d39,waldo_1,10.0,2,0,2,0.0,0.0,1.0,0.0,1.0,0.0,0.0,0.0,0.27024999260902405,0.16275539994239807,0.5987198352813721,0.1838776171207428,0.5150871872901917
2025-09-26_19-37-31-91230d39,91230d39,waldo_1,10.0,2,2,0,0.0,0.0,1.0,0.0,0.0,0.0,1.0,0.0,0.12011700123548508,0.023816337808966637,-0.8896268606185913,0.16147875785827637,0.5069934129714966
2025-09-26_19-37-31-91230d39,91230d39,waldo_1,10.0,0,2,0,1.0,0.0,0.0,0.0,0.0,0.0,1.0,0.0,0.43037500977516174,0.3269312381744385,-0.2037671059370041,0.423678994178772,0.3117114007472992
2025-09-26_19-37-31-91230d39,91230d39,waldo_1,10.0,0,0,0,1.0,0.0,0.0,0.0,1.0,0.0,0.0,0.0,0.3303830027580261,0.05175749212503433,0.29336729645729065,0.45496711134910583,0.3529411256313324
2025-09-26_19-37-31-91230d39,91230d39,waldo_1,10.0,0,0,1,1.0,0.0,0.0,0.0,1.0,0.0,0.0,0.0,0.15012499690055847,0.03498735651373863,0.25444498658180237,0.4793590307235718,0.37802398204803467
2025-09-26_19-37-31-91230d39,91230d39,waldo_1,10.0,1,0,1,0.0,1.0,0.0,0.0,1.0,0.0,0.0,0.0,0.19524900615215302,0.06078432500362396,-0.04965456202626228,0.5394052863121033,0.3685803711414337
2025-09-26_19-37-31-91230d39,91230d39,waldo_1,10.0,1,1,1,0.0,1.0,0.0,0.0,0.0,1.0,0.0,0.0,0.5754920244216919,0.05650857463479042,-0.15214958786964417,0.5895804166793823,0.34258657693862915
2025-09-26_19-37-31-91230d39,91230d39,waldo_2,10.0,0,0,1,1.0,0.0,0.0,0.0,1.0,0.0,0.0,0.0,0.18024399876594543,0.02611543796956539,0.8780459761619568,0.45270344614982605,0.3647710084915161
2025-09-26_19-37-31-91230d39,91230d39,waldo_2,10.0,1,0,1,0.0,1.0,0.0,0.0,1.0,0.0,0.0,0.0,0.1251160055398941,0.1137847751379013,-0.025538144633173943,0.5661221742630005,0.3556517958641052
2025-09-26_19-37-31-91230d39,91230d39,waldo_2,10.0,1,1,1,0.0,1.0,0.0,0.0,0.0,1.0,0.0,0.0,0.5554999709129333,0.11617425084114075,-0.411763995885849,0.5979150533676147,0.2439124882221222
2025-09-26_19-37-31-91230d39,91230d39,waldo_3,10.0,0,0,0,1.0,0.0,0.0,0.0,1.0,0.0,0.0,0.0,0.15012499690055847,0.044114768505096436,0.9241278171539307,0.4090422987937927,0.24439102411270142
2025-09-26_19-37-31-91230d39,91230d39,waldo_3,10.0,0,0,0,1.0,0.0,0.0,0.0,1.0,0.0,0.0,0.0,0.3352609872817993,0.19302122294902802,-0.8818423748016357,0.22916744649410248,0.17437511682510376
2025-09-26_19-37-31-91230d39,91230d39,waldo_3,10.0,0,0,0,1.0,0.0,0.0,0.0,1.0,0.0,0.0,0.0,0.20024999976158142,0.0650513544678688,0.6849074959754944,0.19346857070922852,0.2287558913230896
2025-09-26_19-37-31-91230d39,91230d39,waldo_3,10.0,0,0,0,1.0,0.0,0.0,0.0,1.0,0.0,0.0,0.0,0.2652519941329956,0.07736463099718094,-0.4834122061729431,0.1974983811378479,0.1514962762594223
2025-09-26_19-37-31-91230d39,91230d39,waldo_3,10.0,0,0,0,1.0,0.0,0.0,0.0,1.0,0.0,0.0,0.0,0.15512500703334808,0.05934198945760727,-0.5055258870124817,0.19646824896335602,0.09216323494911194
2025-09-26_19-37-31-91230d39,91230d39,waldo_3,10.0,0,0,2,1.0,0.0,0.0,0.0,1.0,0.0,0.0,0.0,0.5506259799003601,0.10988184064626694,0.4450022876262665,0.21535935997962952,0.20040899515151978
2025-09-26_19-37-31-91230d39,91230d39,waldo_3,10.0,2,0,2,0.0,0.0,1.0,0.0,1.0,0.0,0.0,0.0,0.35038501024246216,0.4221768379211426,0.37843695282936096,0.37269866466522217,0.5921711921691895
2025-09-26_19-37-31-91230d39,91230d39,waldo_3,10.0,2,2,3,0.0,0.0,1.0,0.0,0.0,0.0,1.0,0.0,0.23025000095367432,0.19188657402992249,0.7727935314178467,0.22765429317951202,0.7178000211715698
2025-09-26_19-37-31-91230d39,91230d39,waldo_3,10.0,3,2,3,0.0,0.0,0.0,1.0,0.0,0.0,1.0,0.0,0.18012499809265137,0.45441246032714844,0.14579139649868011,0.6352308988571167,0.9187277555465698
2025-09-26_19-37-31-91230d39,91230d39,waldo_3,10.0,3,3,1,0.0,0.0,0.0,1.0,0.0,0.0,0.0,1.0,0.12011799961328506,0.2505050599575043,-0.38157522678375244,0.726294219493866,0.6853605508804321
2025-09-26_19-37-31-91230d39,91230d39,waldo_3,10.0,1,3,1,0.0,1.0,0.0,0.0,0.0,0.0,0.0,1.0,0.22012899816036224,0.47881609201431274,-0.5214701294898987,0.6940223574638367,0.20763327181339264
2025-09-26_19-37-31-91230d39,91230d39,waldo_3,10.0,1,1,1,0.0,1.0,0.0,0.0,0.0,1.0,0.0,0.0,0.24012500047683716,0.09187836199998856,-0.7294704914093018,0.6333768367767334,0.13861331343650818
2025-09-26_19-37-31-91230d39,91230d39,waldo_3,10.0,1,1,0,0.0,1.0,0.0,0.0,0.0,1.0,0.0,0.0,0.11011400073766708,0.060014136135578156,-0.7899956703186035,0.585956871509552,0.10182958841323853
2025-09-26_19-37-31-91230d39,91230d39,waldo_4,10.0,0,0,0,1.0,0.0,0.0,0.0,1.0,0.0,0.0,0.0,0.30024901032447815,0.2098320871591568,0.09188968688249588,0.4741919934749603,0.3054558038711548
2025-09-26_19-37-31-91230d39,91230d39,waldo_4,10.0,0,0,1,1.0,0.0,0.0,0.0,1.0,0.0,0.0,0.0,0.11512500047683716,0.021941158920526505,-0.72101229429245,0.4601524770259857,0.28859439492225647
2025-09-26_19-39-21-36589e44,36589e44,waldo_1,10.0,1,0,1,0.0,1.0,0.0,0.0,1.0,0.0,0.0,0.0,0.3153750002384186,0.09397323429584503,-0.16206319630146027,0.5522128343582153,0.35025811195373535
2025-09-26_19-39-21-36589e44,36589e44,waldo_1,10.0,1,1,1,0.0,1.0,0.0,0.0,0.0,1.0,0.0,0.0,0.25024598836898804,0.05992373451590538,0.11071644723415375,0.6085480451583862,0.3706834018230438
2025-09-26_19-39-21-36589e44,36589e44,waldo_1,10.0,1,1,1,0.0,1.0,0.0,0.0,0.0,1.0,0.0,0.0,0.22026200592517853,0.07795897126197815,-0.18478500843048096,0.6737356185913086,0.3279261887073517
2025-09-26_19-39-21-36589e44,36589e44,waldo_1,10.0,1,1,1,0.0,1.0,0.0,0.0,0.0,1.0,0.0,0.0,1.1159989833831787,0.07960037142038345,-0.9624112248420715,0.594689667224884,0.3185481131076813
2025-09-26_19-39-21-36589e44,36589e44,waldo_1,10.0,1,1,1,0.0,1.0,0.0,0.0,0.0,1.0,0.0,0.0,0.7607499957084656,0.069491907954216,0.48393359780311584,0.5981956720352173,0.387951523065567
2025-09-26_19-39-21-36589e44,36589e44,waldo_1,10.0,1,1,1,0.0,1.0,0.0,0.0,0.0,1.0,0.0,0.0,0.13511699438095093,0.15737782418727875,-0.013657405972480774,0.755428671836853,0.3812011480331421
2025-09-26_19-39-21-36589e44,36589e44,waldo_1,10.0,1,1,1,0.0,1.0,0.0,0.0,0.0,1.0,0.0,0.0,0.22013400495052338,0.16214674711227417,-0.44611284136772156,0.7827478051185608,0.22137238085269928
2025-09-26_19-39-21-36589e44,36589e44,waldo_1,10.0,1,1,0,0.0,1.0,0.0,0.0,0.0,1.0,0.0,0.0,0.16512499749660492,0.09006139636039734,-0.359323114156723,0.821267306804657,0.13996411859989166
2025-09-26_19-39-21-36589e44,36589e44,waldo_1,10.0,0,1,3,1.0,0.0,0.0,0.0,0.0,1.0,0.0,0.0,0.3903749883174896,1.0585846900939941,0.9944385290145874,-0.23715578019618988,0.1584586650133133
2025-09-26_19-39-21-36589e44,36589e44,waldo_1,10.0,3,0,2,0.0,0.0,0.0,1.0,1.0,0.0,0.0,0.0,0.2201250046491623,0.8455760478973389,0.13873229920864105,0.5293720960617065,0.5154375433921814
2025-09-26_19-39-21-36589e44,36589e44,waldo_1,10.0,2,3,2,0.0,0.0,1.0,0.0,0.0,0.0,0.0,1.0,0.31025001406669617,0.20079906284809113,0.7283610105514526,0.39735859632492065,0.666740894317627
2025-09-26_19-39-21-36589e44,36589e44,waldo_1,10.0,2,2,2,0.0,0.0,1.0,0.0,0.0,0.0,1.0,0.0,0.18013200163841248,0.08844979107379913,0.5401621460914612,0.38622820377349854,0.7544875741004944
2025-09-26_19-39-21-36589e44,36589e44,waldo_1,10.0,2,2,2,0.0,0.0,1.0,0.0,0.0,0.0,1.0,0.0,0.22525200247764587,0.20051339268684387,0.926202118396759,0.19107963144779205,0.8005598187446594
2025-09-26_19-39-21-36589e44,36589e44,waldo_1,10.0,2,2,2,0.0,0.0,1.0,0.0,0.0,0.0,1.0,0.0,0.19512499868869781,0.0735546126961708,-0.32015717029571533,0.2304614931344986,0.7384361624717712
2025-09-26_19-39-21-36589e44,36589e44,waldo_1,10.0,2,2,2,0.0,0.0,1.0,0.0,0.0,0.0,1.0,0.0,0.2551240026950836,0.1876031458377838,-0.5376554131507874,0.20832014083862305,0.5521441698074341
2025-09-26_19-39-21-36589e44,36589e44,waldo_1,10.0,2,2,2,0.0,0.0,1.0,0.0,0.0,0.0,1.0,0.0,0.3702490031719208,0.09361632913351059,0.3795798122882843,0.24289749562740326,0.6391408443450928
2025-09-26_19-39-21-36589e44,36589e44,waldo_1,10.0,2,2,3,0.0,0.0,1.0,0.0,0.0,0.0,1.0,0.0,0.32524898648262024,0.19609041512012482,0.12041056901216507,0.42512449622154236,0.7115616798400879
2025-09-26_19-39-21-36589e44,36589e44,waldo_1,10.0,3,2,2,0.0,0.0,0.0,1.0,0.0,0.0,1.0,0.0,0.1601250022649765,0.23651933670043945,0.11726288497447968,0.6457751393318176,0.7967360615730286
2025-09-26_19-39-21-36589e44,36589e44,waldo_1,10.0,2,3,3,0.0,0.0,1.0,0.0,0.0,0.0,0.0,1.0,0.21525000035762787,0.21135640144348145,0.9291180968284607,0.4396374225616455,0.8434132933616638
2025-09-26_19-39-21-36589e44,36589e44,waldo_1,10.0,3,2,3,0.0,0.0,0.0,1.0,0.0,0.0,1.0,0.0,0.195250004529953,0.11937393248081207,0.045484162867069244,0.5577947497367859,0.8604129552841187
2025-09-26_19-39-21-36589e44,36589e44,waldo_1,10.0,3,3,1,0.0,0.0,0.0,1.0,0.0,0.0,0.0,1.0,0.12511800229549408,0.03984988480806351,-0.12783299386501312,0.5944740176200867,0.8448359966278076
2025-09-26_19-39-21-36589e44,36589e44,waldo_1,10.0,1,3,1,0.0,1.0,0.0,0.0,0.0,0.0,0.0,1.0,0.3152559995651245,0.3828124403953552,-0.4651559591293335,0.6362952589988708,0.46431487798690796
2025-09-26_19-39-21-36589e44,36589e44,waldo_1,10.0,1,1,1,0.0,1.0,0.0,0.0,0.0,1.0,0.0,0.0,0.14012500643730164,0.0374227836728096,-0.6673629879951477,0.6175130605697632,0.4319468140602112
2025-09-26_19-39-21-36589e44,36589e44,waldo_2,10.0,2,0,3,0.0,0.0,1.0,0.0,1.0,0.0,0.0,0.0,0.3853749930858612,0.19750460982322693,0.5030688643455505,0.497214674949646,0.5407506227493286
2025-09-26_19-39-21-36589e44,36589e44,waldo_2,10.0,3,2,3,0.0,0.0,0.0,1.0,0.0,0.0,1.0,0.0,0.18512499332427979,0.05468365177512169,0.10340064764022827,0.5490384101867676,0.5582034587860107
2025-09-26_19-39-21-36589e44,36589e44,waldo_2,10.0,3,3,3,0.0,0.0,0.0,1.0,0.0,0.0,0.0,1.0,0.17512500286102295,0.04323570802807808,0.8027328848838806,0.5138431191444397,0.5833155512809753
2025-09-26_19-39-21-36589e44,36589e44,waldo_2,10.0,3,3,3,0.0,0.0,0.0,1.0,0.0,0.0,0.0,1.0,0.34037500619888306,0.22608591616153717,0.1305423527956009,0.7211812138557434,0.673458456993103
2025-09-26_19-39-21-36589e44,36589e44,waldo_2,10.0,3,3,3,0.0,0.0,0.0,1.0,0.0,0.0,0.0,1.0,0.11511900275945663,0.07439424842596054,0.7055010795593262,0.6764197945594788,0.7328799962997437
2025-09-26_19-39-21-36589e44,36589e44,waldo_2,10.0,3,3,3,0.0,0.0,0.0,1.0,0.0,0.0,0.0,1.0,0.21025000512599945,0.13628558814525604,0.8652763962745667,0.5521600246429443,0.7888556122779846
2025-09-26_19-39-21-36589e44,36589e44,waldo_2,10.0,3,3,3,0.0,0.0,0.0,1.0,0.0,0.0,0.0,1.0,0.10512500256299973,0.05701042339205742,-0.6856463551521301,0.5207632780075073,0.7412695288658142
2025-09-26_19-39-21-36589e44,36589e44,waldo_2,10.0,3,3,1,0.0,0.0,0.0,1.0,0.0,0.0,0.0,1.0,0.11512500047683716,0.11403688043355942,-0.40903693437576294,0.5529097318649292,0.6318573951721191
2025-09-26_19-39-21-36589e44,36589e44,waldo_2,10.0,1,3,1,0.0,1.0,0.0,0.0,0.0,0.0,0.0,1.0,0.1250070035457611,0.23800529539585114,-0.42106950283050537,0.6113243699073792,0.40113192796707153
2025-09-26_19-39-21-36589e44,36589e44,waldo_2,10.0,1,1,1,0.0,1.0,0.0,0.0,0.0,1.0,0.0,0.0,0.4503749907016754,0.0837835893034935,-0.5724053978919983,0.5924301743507385,0.31950655579566956
2025-09-26_19-39-21-36589e44,36589e44,waldo_2,10.0,1,1,0,0.0,1.0,0.0,0.0,0.0,1.0,0.0,0.0,0.34037500619888306,0.06945846974849701,-0.9328354001045227,0.5245122313499451,0.3049590587615967
2025-09-26_19-39-21-36589e44,36589e44,waldo_2,10.0,0,1,0,1.0,0.0,0.0,0.0,0.0,1.0,0.0,0.0,0.23024499416351318,0.0639195442199707,0.9158805012702942,0.46281173825263977,0.3216550946235657
2025-09-26_19-39-21-36589e44,36589e44,waldo_2,10.0,0,0,0,1.0,0.0,0.0,0.0,1.0,0.0,0.0,0.0,0.27524200081825256,0.14636056125164032,-0.553636372089386,0.43826597929000854,0.17736747860908508
2025-09-26_19-39-21-36589e44,36589e44,waldo_2,10.0,0,0,0,1.0,0.0,0.0,0.0,1.0,0.0,0.0,0.0,0.3653689920902252,0.15007378160953522,0.6052834391593933,0.3895280659198761,0.31930673122406006
2025-09-26_19-39-21-36589e44,36589e44,waldo_2,10.0,0,0,0,1.0,0.0,0.0,0.0,1.0,0.0,0.0,0.0,0.12012500315904617,0.06255693733692169,-0.5138583779335022,0.38680535554885864,0.2568090856075287
2025-09-26_19-39-21-36589e44,36589e44,waldo_2,10.0,0,0,0,1.0,0.0,0.0,0.0,1.0,0.0,0.0,0.0,0.27526000142097473,0.15356798470020294,0.7268213033676147,0.28640440106391907,0.373010516166687
2025-09-26_19-39-21-36589e44,36589e44,waldo_2,10.0,0,0,2,1.0,0.0,0.0,0.0,1.0,0.0,0.0,0.0,0.0951249971985817,0.05984032154083252,-0.5743699669837952,0.27255013585090637,0.3147960603237152
2025-09-26_19-39-21-36589e44,36589e44,waldo_2,10.0,2,0,2,0.0,0.0,1.0,0.0,1.0,0.0,0.0,0.0,0.23524899780750275,0.4847094714641571,0.47007375955581665,0.3180535137653351,0.7973648905754089
2025-09-26_19-39-21-36589e44,36589e44,waldo_2,10.0,2,2,3,0.0,0.0,1.0,0.0,0.0,0.0,1.0,0.0,0.17012499272823334,0.11765319108963013,0.022274911403656006,0.4354187548160553,0.8055914044380188
2025-09-26_19-39-21-36589e44,36589e44,waldo_2,10.0,3,2,3,0.0,0.0,0.0,1.0,0.0,0.0,1.0,0.0,0.21012000739574432,0.11851152032613754,0.049161992967128754,0.5525196194648743,0.8238224983215332
2025-09-26_19-39-21-36589e44,36589e44,waldo_2,10.0,3,3,3,0.0,0.0,0.0,1.0,0.0,0.0,0.0,1.0,0.21512499451637268,0.16460087895393372,-0.03664178028702736,0.7160311341285706,0.804916501045227
2025-09-26_19-39-21-36589e44,36589e44,waldo_2,10.0,3,3,3,0.0,0.0,0.0,1.0,0.0,0.0,0.0,1.0,0.20012499392032623,0.11669217795133591,-0.00514738354831934,0.8327080607414246,0.8030295372009277
2025-09-26_19-39-21-36589e44,36589e44,waldo_2,10.0,3,3,3,0.0,0.0,0.0,1.0,0.0,0.0,0.0,1.0,0.21025000512599945,0.11471140384674072,-0.5123682618141174,0.8282519578933716,0.6884047389030457
2025-09-26_19-39-21-36589e44,36589e44,waldo_2,10.0,3,3,1,0.0,0.0,0.0,1.0,0.0,0.0,0.0,1.0,0.17512500286102295,0.09545508772134781,-0.532661497592926,0.818474531173706,0.593451738357544
2025-09-26_19-39-21-36589e44,36589e44,waldo_2,10.0,1,3,1,0.0,1.0,0.0,0.0,0.0,0.0,0.0,1.0,0.21512499451637268,0.35551518201828003,-0.49839749932289124,0.8202643394470215,0.23794105648994446
2025-09-26_19-39-21-36589e44,36589e44,waldo_2,10.0,1,1,1,0.0,1.0,0.0,0.0,0.0,1.0,0.0,0.0,0.2401300072669983,0.1315879076719284,-0.5080775022506714,0.8169254660606384,0.10639550536870956
2025-09-26_19-39-21-36589e44,36589e44,waldo_2,10.0,1,1,1,0.0,1.0,0.0,0.0,0.0,1.0,0.0,0.0,0.14512500166893005,0.02622333914041519,-0.9845901131629944,0.7907328605651855,0.10512648522853851
2025-09-26_19-39-21-36589e44,36589e44,waldo_2,10.0,1,1,1,0.0,1.0,0.0,0.0,0.0,1.0,0.0,0.0,0.21525000035762787,0.22588400542736053,0.48130664229393005,0.8039907217025757,0.33062106370925903
2025-09-26_19-39-21-36589e44,36589e44,waldo_2,10.0,1,1,1,0.0,1.0,0.0,0.0,0.0,1.0,0.0,0.0,0.22011999785900116,0.0815030038356781,0.511619508266449,0.8010162115097046,0.41206979751586914
2025-09-26_19-39-21-36589e44,36589e44,waldo_2,10.0,1,1,1,0.0,1.0,0.0,0.0,0.0,1.0,0.0,0.0,0.16011899709701538,0.05152323096990585,-0.47752508521080017,0.8046510815620422,0.3606749176979065
2025-09-26_19-39-21-36589e44,36589e44,waldo_2,10.0,1,1,1,0.0,1.0,0.0,0.0,0.0,1.0,0.0,0.0,0.18012499809265137,0.0994136855006218,-0.8852911591529846,0.7116230130195618,0.32561978697776794
2025-09-26_19-39-21-36589e44,36589e44,waldo_2,10.0,1,1,1,0.0,1.0,0.0,0.0,0.0,1.0,0.0,0.0,0.33524900674819946,0.06529077142477036,-0.07565969973802567,0.7750781178474426,0.31024640798568726
2025-09-26_19-39-21-36589e44,36589e44,waldo_2,10.0,1,1,3,0.0,1.0,0.0,0.0,0.0,1.0,0.0,0.0,0.2502500116825104,0.09016532450914383,-0.5876171588897705,0.750571608543396,0.22347533702850342
2025-09-26_19-39-21-36589e44,36589e44,waldo_3,10.0,2,1,3,0.0,0.0,1.0,0.0,0.0,1.0,0.0,0.0,0.1301410049200058,0.30145254731178284,0.5093256235122681,0.4944896996021271,0.668233335018158
2025-09-26_19-39-21-36589e44,36589e44,waldo_3,10.0,3,2,3,0.0,0.0,0.0,1.0,0.0,0.0,1.0,0.0,0.3002530038356781,0.09377098828554153,0.4254155158996582,0.5162610411643982,0.7594419121742249
2025-09-26_19-39-21-36589e44,36589e44,waldo_3,10.0,3,3,3,0.0,0.0,0.0,1.0,0.0,0.0,0.0,1.0,0.17511199414730072,0.13429558277130127,-0.33246564865112305,0.58372563123703,0.6433219909667969
2025-09-26_19-39-21-36589e44,36589e44,waldo_3,10.0,3,3,3,0.0,0.0,0.0,1.0,0.0,0.0,0.0,1.0,0.13011999428272247,0.034097082912921906,-0.47810229659080505,0.5860694646835327,0.6093055605888367
2025-09-26_19-39-21-36589e44,36589e44,waldo_3,10.0,3,3,3,0.0,0.0,0.0,1.0,0.0,0.0,0.0,1.0,0.19524900615215302,0.05581241846084595,-0.4077605605125427,0.6020172834396362,0.5558201670646667
2025-09-26_19-39-21-36589e44,36589e44,waldo_3,10.0,3,3,1,0.0,0.0,0.0,1.0,0.0,0.0,0.0,1.0,0.20024999976158142,0.06224178895354271,-0.031624775379896164,0.6639521718025208,0.5496464371681213
2025-09-26_19-39-21-36589e44,36589e44,waldo_3,10.0,1,3,1,0.0,1.0,0.0,0.0,0.0,0.0,0.0,1.0,0.13512499630451202,0.10487474501132965,-0.5676639080047607,0.6418261528015137,0.44713228940963745
2025-09-26_19-39-21-36589e44,36589e44,waldo_3,10.0,1,1,1,0.0,1.0,0.0,0.0,0.0,1.0,0.0,0.0,0.20524999499320984,0.17524124681949615,-0.46667975187301636,0.6601366996765137,0.27285027503967285
2025-09-26_19-39-21-36589e44,36589e44,waldo_3,10.0,1,1,1,0.0,1.0,0.0,0.0,0.0,1.0,0.0,0.0,0.2952499985694885,0.07715067267417908,-0.6946649551391602,0.6158411502838135,0.20968280732631683
2025-09-26_19-39-21-36589e44,36589e44,waldo_3,10.0,1,1,1,0.0,1.0,0.0,0.0,0.0,1.0,0.0,0.0,0.20024999976158142,0.06514640152454376,0.586823046207428,0.5982911586761475,0.2724207639694214
2025-09-26_19-39-21-36589e44,36589e44,waldo_3,10.0,1,1,1,0.0,1.0,0.0,0.0,0.0,1.0,0.0,0.0,0.3252499997615814,0.0812949538230896,0.49296772480010986,0.6000869870185852,0.35369589924812317
2025-09-26_19-39-21-36589e44,36589e44,waldo_3,10.0,1,1,1,0.0,1.0,0.0,0.0,0.0,1.0,0.0,0.0,0.27524900436401367,0.0492752306163311,-0.21011506021022797,0.6390111446380615,0.3234806954860687
2025-09-26_19-39-21-36589e44,36589e44,waldo_3,10.0,1,1,1,0.0,1.0,0.0,0.0,0.0,1.0,0.0,0.0,0.2602500021457672,0.084499292075634,-0.5973706841468811,0.613564133644104,0.24290414154529572
2025-09-26_19-39-21-36589e44,36589e44,waldo_3,10.0,1,1,1,0.0,1.0,0.0,0.0,0.0,1.0,0.0,0.0,0.17024999856948853,0.1554984450340271,0.36180582642555237,0.6789728999137878,0.38397669792175293
2025-09-26_19-39-21-36589e44,36589e44,waldo_3,10.0,1,1,1,0.0,1.0,0.0,0.0,0.0,1.0,0.0,0.0,0.19512499868869781,0.0433836504817009,-0.7484478950500488,0.6484459638595581,0.3531506061553955
2025-09-26_19-39-21-36589e44,36589e44,waldo_3,10.0,1,1,3,0.0,1.0,0.0,0.0,0.0,1.0,0.0,0.0,0.2902500033378601,0.13433405756950378,0.46891090273857117,0.66154545545578,0.48684442043304443
2025-09-26_19-39-21-36589e44,36589e44,waldo_3,10.0,3,1,3,0.0,0.0,0.0,1.0,0.0,1.0,0.0,0.0,0.18012499809265137,0.1354019045829773,0.45285552740097046,0.6815264225006104,0.6207639575004578
2025-09-26_19-39-21-36589e44,36589e44,waldo_3,10.0,3,3,3,0.0,0.0,0.0,1.0,0.0,0.0,0.0,1.0,0.20525099337100983,0.14274968206882477,0.5269010066986084,0.6694766879081726,0.7630041241645813
2025-09-26_19-39-21-36589e44,36589e44,waldo_3,10.0,3,3,3,0.0,0.0,0.0,1.0,0.0,0.0,0.0,1.0,0.320374995470047,0.07973890006542206,-0.17758867144584656,0.7371242046356201,0.7207891345024109
2025-09-26_19-39-21-36589e44,36589e44,waldo_3,10.0,3,3,3,0.0,0.0,0.0,1.0,0.0,0.0,0.0,1.0,0.31025299429893494,0.043979793787002563,0.2518366873264313,0.7680426239967346,0.7520664930343628
2025-09-26_19-39-21-36589e44,36589e44,waldo_3,10.0,3,3,2,0.0,0.0,0.0,1.0,0.0,0.0,0.0,1.0,0.310373991727829,0.1256369650363922,0.43010255694389343,0.7954099774360657,0.8746865391731262
2025-09-26_19-39-21-36589e44,36589e44,waldo_3,10.0,2,3,2,0.0,0.0,1.0,0.0,0.0,0.0,0.0,1.0,0.21525000035762787,0.3042623996734619,-0.9311470985412598,0.4982379376888275,0.8093842267990112
2025-09-26_19-39-21-36589e44,36589e44,waldo_3,10.0,2,2,2,0.0,0.0,1.0,0.0,0.0,0.0,1.0,0.0,0.215255007147789,0.13122302293777466,0.9350847601890564,0.3697342872619629,0.8359603881835938
2025-09-26_19-39-21-36589e44,36589e44,waldo_3,10.0,2,2,2,0.0,0.0,1.0,0.0,0.0,0.0,1.0,0.0,0.2602500021457672,0.1305350810289383,-0.909003734588623,0.24449686706066132,0.7991501092910767
2025-09-26_19-39-21-36589e44,36589e44,waldo_3,10.0,2,2,2,0.0,0.0,1.0,0.0,0.0,0.0,1.0,0.0,0.11512500047683716,0.08124793320894241,0.26930803060531616,0.2983594536781311,0.8599781394004822
2025-09-26_19-39-21-36589e44,36589e44,waldo_3,10.0,2,2,2,0.0,0.0,1.0,0.0,0.0,0.0,1.0,0.0,0.2502500116825104,0.06060979887843132,0.005060425028204918,0.3589615821838379,0.8609416484832764
2025-09-26_19-39-21-36589e44,36589e44,waldo_3,10.0,2,2,2,0.0,0.0,1.0,0.0,0.0,0.0,1.0,0.0,0.21524299681186676,0.07933305948972702,-0.1778036653995514,0.42623642086982727,0.8188960552215576
2025-09-26_19-39-21-36589e44,36589e44,waldo_3,10.0,2,2,2,0.0,0.0,1.0,0.0,0.0,0.0,1.0,0.0,0.10012400150299072,0.037352871149778366,-0.7750675082206726,0.3978279232978821,0.7946433424949646
2025-09-26_19-39-21-36589e44,36589e44,waldo_4,10.0,1,0,1,0.0,1.0,0.0,0.0,1.0,0.0,0.0,0.0,0.36537501215934753,0.21181544661521912,0.1584162712097168,0.5196754336357117,0.4012381434440613
2025-09-26_19-39-21-36589e44,36589e44,waldo_4,10.0,1,1,1,0.0,1.0,0.0,0.0,0.0,1.0,0.0,0.0,0.23024499416351318,0.1281553953886032,-0.4539390504360199,0.5381554961204529,0.27442216873168945
2025-09-26_19-39-21-36589e44,36589e44,waldo_4,10.0,1,1,1,0.0,1.0,0.0,0.0,0.0,1.0,0.0,0.0,0.1251250058412552,0.11181332916021347,0.41579779982566833,0.5673896074295044,0.38234615325927734
2025-09-26_19-39-21-36589e44,36589e44,waldo_4,10.0,1,1,1,0.0,1.0,0.0,0.0,0.0,1.0,0.0,0.0,0.19512900710105896,0.0969369113445282,-0.41088318824768066,0.5941757559776306,0.2891835570335388
2025-09-26_19-39-21-36589e44,36589e44,waldo_4,10.0,1,1,1,0.0,1.0,0.0,0.0,0.0,1.0,0.0,0.0,0.17512500286102295,0.08468291163444519,-0.46149057149887085,0.6043958067893982,0.20511962473392487
2025-09-26_19-39-21-36589e44,36589e44,waldo_4,10.0,1,1,1,0.0,1.0,0.0,0.0,0.0,1.0,0.0,0.0,0.20024999976158142,0.039606135338544846,0.11193151772022247,0.6415783762931824,0.2187615931034088
2025-09-26_19-39-21-36589e44,36589e44,waldo_4,10.0,1,1,1,0.0,1.0,0.0,0.0,0.0,1.0,0.0,0.0,0.7757499814033508,0.0801214948296547,0.6324625015258789,0.6091904044151306,0.29204511642456055
2025-09-26_19-39-21-36589e44,36589e44,waldo_4,10.0,1,1,1,0.0,1.0,0.0,0.0,0.0,1.0,0.0,0.0,0.37037399411201477,0.05898091197013855,0.6740841865539551,0.5785177946090698,0.34242305159568787
2025-09-26_19-39-21-36589e44,36589e44,waldo_4,10.0,1,1,1,0.0,1.0,0.0,0.0,0.0,1.0,0.0,0.0,0.3903830051422119,0.12554319202899933,0.6756607294082642,0.5126996040344238,0.44932985305786133
2025-09-26_19-39-21-36589e44,36589e44,waldo_4,10.0,1,1,1,0.0,1.0,0.0,0.0,0.0,1.0,0.0,0.0,0.300244003534317,0.2531603276729584,-0.37307459115982056,0.6109928488731384,0.21603046357631683
2025-09-26_19-39-21-36589e44,36589e44,waldo_4,10.0,1,1,1,0.0,1.0,0.0,0.0,0.0,1.0,0.0,0.0,0.17512500286102295,0.028842443600296974,-0.24366900324821472,0.6317890882492065,0.1960454285144806
2025-09-26_19-39-21-36589e44,36589e44,waldo_4,10.0,1,1,1,0.0,1.0,0.0,0.0,0.0,1.0,0.0,0.0,0.8958740234375,0.12214192748069763,0.5784074068069458,0.6020058989524841,0.3145005404949188
2025-09-26_19-39-21-36589e44,36589e44,waldo_4,10.0,1,1,1,0.0,1.0,0.0,0.0,0.0,1.0,0.0,0.0,0.24525000154972076,0.04011765122413635,-0.055172570049762726,0.6415224075317383,0.30758172273635864
2025-09-26_19-39-21-36589e44,36589e44,waldo_4,10.0,1,1,1,0.0,1.0,0.0,0.0,0.0,1.0,0.0,0.0,1.3262399435043335,0.040760207921266556,-0.9767635464668274,0.6008707880973816,0.30460888147354126
2025-09-26_19-39-21-36589e44,36589e44,waldo_4,10.0,1,1,1,0.0,1.0,0.0,0.0,0.0,1.0,0.0,0.0,0.4203689992427826,0.1506674885749817,0.7000909447669983,0.5122758150100708,0.4264761209487915
2025-09-26_19-39-21-36589e44,36589e44,waldo_4,10.0,1,1,1,0.0,1.0,0.0,0.0,0.0,1.0,0.0,0.0,0.16525700688362122,0.015952570363879204,-0.29397088289260864,0.5218952894210815,0.41375014185905457
2025-09-26_19-39-21-36589e44,36589e44,waldo_4,10.0,1,1,1,0.0,1.0,0.0,0.0,0.0,1.0,0.0,0.0,0.320250004529953,0.11651800572872162,0.12657110393047333,0.6293224692344666,0.45887044072151184
2025-09-26_19-39-21-36589e44,36589e44,waldo_4,10.0,1,1,1,0.0,1.0,0.0,0.0,0.0,1.0,0.0,0.0,0.20512500405311584,0.1665818691253662,-0.17391060292720795,0.771653950214386,0.3723182678222656
2025-09-26_19-39-21-36589e44,36589e44,waldo_4,10.0,1,1,1,0.0,1.0,0.0,0.0,0.0,1.0,0.0,0.0,0.15525899827480316,0.07667385041713715,-0.1455366015434265,0.8404521942138672,0.3384703993797302
2025-09-26_19-39-21-36589e44,36589e44,waldo_4,10.0,1,1,1,0.0,1.0,0.0,0.0,0.0,1.0,0.0,0.0,0.1251250058412552,0.0430213063955307,-0.5527893900871277,0.8333500623703003,0.2960393726825714
2025-09-26_19-39-21-36589e44,36589e44,waldo_4,10.0,1,1,1,0.0,1.0,0.0,0.0,0.0,1.0,0.0,0.0,0.29524898529052734,0.09966113418340683,0.9529547095298767,0.7347754836082458,0.3107154369354248
2025-09-26_19-39-21-36589e44,36589e44,waldo_4,10.0,1,1,1,0.0,1.0,0.0,0.0,0.0,1.0,0.0,0.0,0.24525800347328186,0.090389184653759,-0.4149776101112366,0.7586328983306885,0.2235315442085266
2025-09-26_19-39-21-36589e44,36589e44,waldo_4,10.0,1,1,1,0.0,1.0,0.0,0.0,0.0,1.0,0.0,0.0,0.4205099940299988,0.04403229057788849,0.981210470199585,0.7146772742271423,0.2261292189359665
2025-09-26_19-39-21-36589e44,36589e44,waldo_4,10.0,1,1,1,0.0,1.0,0.0,0.0,0.0,1.0,0.0,0.0,0.0949999988079071,0.03616963326931,-0.8990262746810913,0.6803122758865356,0.21484701335430145
2025-09-26_20-20-21-410567f0,410567f0,waldo_1,10.0,2,1,1,0.0,0.0,1.0,0.0,0.0,1.0,0.0,0.0,0.36537501215934753,0.5319608449935913,0.7331029772758484,0.45013970136642456,0.6386358737945557
2025-09-26_20-20-21-410567f0,410567f0,waldo_1,10.0,1,2,1,0.0,1.0,0.0,0.0,0.0,0.0,1.0,0.0,0.18512499332427979,0.20502839982509613,-0.34573230147361755,0.5456615090370178,0.45721858739852905
2025-09-26_20-20-21-410567f0,410567f0,waldo_1,10.0,1,1,1,0.0,1.0,0.0,0.0,0.0,1.0,0.0,0.0,0.21012499928474426,0.2731488049030304,-0.01631213165819645,0.8184517025947571,0.4432269334793091
2025-09-26_20-20-21-410567f0,410567f0,waldo_1,10.0,1,1,3,0.0,1.0,0.0,0.0,0.0,1.0,0.0,0.0,0.46036800742149353,0.2010803371667862,-0.9306097030639648,0.6221303939819336,0.3997385799884796
2025-09-26_20-20-21-410567f0,410567f0,waldo_1,10.0,3,1,1,0.0,0.0,0.0,1.0,0.0,1.0,0.0,0.0,0.3803749978542328,0.15287254750728607,0.6320685148239136,0.5605069398880005,0.5396405458450317
2025-09-26_20-20-21-410567f0,410567f0,waldo_1,10.0,1,3,0,0.0,1.0,0.0,0.0,0.0,0.0,0.0,1.0,0.9660000205039978,0.07703597843647003,-0.2227809727191925,0.6194329261779785,0.4900192618370056
2025-09-26_20-20-21-410567f0,410567f0,waldo_1,10.0,0,1,0,1.0,0.0,0.0,0.0,0.0,1.0,0.0,0.0,0.360370010137558,0.22756944596767426,-0.9375165700912476,0.39623382687568665,0.44563430547714233
2025-09-26_20-20-21-410567f0,410567f0,waldo_1,10.0,0,0,0,1.0,0.0,0.0,0.0,1.0,0.0,0.0,0.0,0.6606240272521973,0.06090209633111954,0.09624593704938889,0.4543730616569519,0.46376967430114746
2025-09-26_20-20-21-410567f0,410567f0,waldo_1,10.0,0,0,0,1.0,0.0,0.0,0.0,1.0,0.0,0.0,0.0,0.49049198627471924,0.21997936069965363,-0.9727983474731445,0.23519645631313324,0.44499385356903076
2025-09-26_20-20-21-410567f0,410567f0,waldo_1,10.0,0,0,0,1.0,0.0,0.0,0.0,1.0,0.0,0.0,0.0,0.23024900257587433,0.02873769961297512,-0.6407843828201294,0.2228965014219284,0.41902145743370056
2025-09-26_20-20-21-410567f0,410567f0,waldo_1,10.0,0,0,0,1.0,0.0,0.0,0.0,1.0,0.0,0.0,0.0,0.43037500977516174,0.23056381940841675,-0.4810006618499756,0.2366502732038498,0.1888682246208191
2025-09-26_20-20-21-410567f0,410567f0,waldo_1,10.0,0,0,1,1.0,0.0,0.0,0.0,1.0,0.0,0.0,0.0,0.36037498712539673,0.2019573450088501,0.02235994301736355,0.43810954689979553,0.20304320752620697
2025-09-26_20-20-21-410567f0,410567f0,waldo_1,10.0,1,0,1,0.0,1.0,0.0,0.0,1.0,0.0,0.0,0.0,0.36537298560142517,0.15763016045093536,-0.00884496234357357,0.5956788659095764,0.19866366684436798
2025-09-26_20-20-21-410567f0,410567f0,waldo_1,10.0,1,1,1,0.0,1.0,0.0,0.0,0.0,1.0,0.0,0.0,0.21012499928474426,0.18887729942798615,0.07914675027132034,0.7787474989891052,0.24514497816562653
2025-09-26_20-20-21-410567f0,410567f0,waldo_1,10.0,1,1,3,0.0,1.0,0.0,0.0,0.0,1.0,0.0,0.0,0.2252500057220459,0.0726364478468895,0.4637995958328247,0.7869904041290283,0.31731221079826355
2025-09-26_20-20-21-410567f0,410567f0,waldo_1,10.0,3,1,3,0.0,0.0,0.0,1.0,0.0,1.0,0.0,0.0,0.14512500166893005,0.5160198211669922,0.49364781379699707,0.7972874045372009,0.8332292437553406
2025-09-26_20-20-21-410567f0,410567f0,waldo_1,10.0,3,3,3,0.0,0.0,0.0,1.0,0.0,0.0,0.0,1.0,0.2201250046491623,0.20173129439353943,0.8543703556060791,0.6163030862808228,0.9223369359970093
2025-09-26_20-20-21-410567f0,410567f0,waldo_1,10.0,3,3,3,0.0,0.0,0.0,1.0,0.0,0.0,0.0,1.0,0.16524900496006012,0.28946366906166077,-0.20418620109558105,0.8482263088226318,0.7491294145584106
2025-09-26_20-20-21-410567f0,410567f0,waldo_1,10.0,3,3,3,0.0,0.0,0.0,1.0,0.0,0.0,0.0,1.0,0.23025000095367432,0.06392445415258408,0.5837459564208984,0.8316013813018799,0.8108542561531067
2025-09-26_20-20-21-410567f0,410567f0,waldo_1,10.0,3,3,2,0.0,0.0,0.0,1.0,0.0,0.0,0.0,1.0,0.2602599859237671,0.33532530069351196,0.9351527094841003,0.5032106637954712,0.8786964416503906
2025-09-26_20-20-21-410567f0,410567f0,waldo_1,10.0,2,3,2,0.0,0.0,1.0,0.0,0.0,0.0,0.0,1.0,0.18025000393390656,0.07954861223697662,0.7534104585647583,0.44636183977127075,0.9343398809432983
2025-09-26_20-20-21-410567f0,410567f0,waldo_1,10.0,2,2,2,0.0,0.0,1.0,0.0,0.0,0.0,1.0,0.0,0.20512500405311584,0.2265527844429016,-0.9382054805755615,0.22406479716300964,0.8906342387199402
2025-09-26_20-20-21-410567f0,410567f0,waldo_1,10.0,2,2,2,0.0,0.0,1.0,0.0,0.0,0.0,1.0,0.0,0.2201240062713623,0.03327283635735512,-0.9759323596954346,0.19088701903820038,0.8881208300590515
2025-09-26_20-20-21-410567f0,410567f0,waldo_1,10.0,2,2,2,0.0,0.0,1.0,0.0,0.0,0.0,1.0,0.0,0.2902500033378601,0.13551640510559082,0.10147947072982788,0.3195747435092926,0.9305962920188904
2025-09-26_20-20-21-410567f0,410567f0,waldo_2,10.0,0,2,3,1.0,0.0,0.0,0.0,0.0,0.0,1.0,0.0,1.0109950304031372,1.2380797863006592,-0.2144359052181244,0.49935948848724365,0.3815942108631134
2025-09-26_20-20-21-410567f0,410567f0,waldo_2,10.0,3,0,3,0.0,0.0,0.0,1.0,1.0,0.0,0.0,0.0,0.2552500069141388,0.16374319791793823,0.36698514223098755,0.5658101439476013,0.531247615814209
2025-09-26_20-20-21-410567f0,410567f0,waldo_2,10.0,3,3,3,0.0,0.0,0.0,1.0,0.0,0.0,0.0,1.0,0.23512500524520874,0.3303244113922119,0.3996603190898895,0.6682211756706238,0.8452956676483154
2025-09-26_20-20-21-410567f0,410567f0,waldo_2,10.0,3,3,3,0.0,0.0,0.0,1.0,0.0,0.0,0.0,1.0,0.1901250034570694,0.20234130322933197,0.028926845639944077,0.8697275519371033,0.8636584281921387
2025-09-26_20-20-21-410567f0,410567f0,waldo_2,10.0,3,3,3,0.0,0.0,0.0,1.0,0.0,0.0,0.0,1.0,0.36537501215934753,0.03708096966147423,0.8734950423240662,0.8355366587638855,0.8780105113983154
2025-09-26_20-20-21-410567f0,410567f0,waldo_2,10.0,3,3,1,0.0,0.0,0.0,1.0,0.0,0.0,0.0,1.0,0.36037498712539673,0.09886560589075089,-0.7536976337432861,0.7648207545280457,0.8089187741279602
2025-09-26_20-20-21-410567f0,410567f0,waldo_2,10.0,1,3,1,0.0,1.0,0.0,0.0,0.0,0.0,0.0,1.0,0.24524499475955963,0.520312488079071,-0.487925261259079,0.7845535278320312,0.2889806032180786
2025-09-26_20-20-21-410567f0,410567f0,waldo_2,10.0,1,1,1,0.0,1.0,0.0,0.0,0.0,1.0,0.0,0.0,0.23524600267410278,0.12450157105922699,-0.7667820453643799,0.6920006275177002,0.20570632815361023
2025-09-26_20-20-21-410567f0,410567f0,waldo_3,10.0,1,1,1,0.0,1.0,0.0,0.0,0.0,1.0,0.0,0.0,0.2202499955892563,0.06204259395599365,0.9220999479293823,0.618812084197998,0.2905932068824768
2025-09-26_20-20-21-410567f0,410567f0,waldo_3,10.0,1,1,3,0.0,1.0,0.0,0.0,0.0,1.0,0.0,0.0,0.19011999666690826,0.07744891196489334,0.5504205226898193,0.6065953969955444,0.36707252264022827
2025-09-26_20-20-21-410567f0,410567f0,waldo_3,10.0,3,1,3,0.0,0.0,0.0,1.0,0.0,1.0,0.0,0.0,0.2102459967136383,0.18661130964756012,0.5313224196434021,0.5882620215415955,0.5527810454368591
2025-09-26_20-20-21-410567f0,410567f0,waldo_3,10.0,3,3,3,0.0,0.0,0.0,1.0,0.0,0.0,0.0,1.0,0.31037500500679016,0.19337506592273712,0.421491801738739,0.6354741454124451,0.7403042316436768
2025-09-26_20-20-21-410567f0,410567f0,waldo_3,10.0,3,3,3,0.0,0.0,0.0,1.0,0.0,0.0,0.0,1.0,0.40037500858306885,0.21154242753982544,0.23005130887031555,0.794131875038147,0.8802253007888794
2025-09-26_20-20-21-410567f0,410567f0,waldo_3,10.0,3,3,1,0.0,0.0,0.0,1.0,0.0,0.0,0.0,1.0,0.10011599957942963,0.07763317972421646,0.6690943241119385,0.7548036575317383,0.9471595883369446
2025-09-26_20-20-21-410567f0,410567f0,waldo_3,10.0,1,3,1,0.0,1.0,0.0,0.0,0.0,0.0,0.0,1.0,0.1902409940958023,0.7387265563011169,-0.5301733613014221,0.6848828196525574,0.21174950897693634
2025-09-26_20-20-21-410567f0,410567f0,waldo_3,10.0,1,1,0,0.0,1.0,0.0,0.0,0.0,1.0,0.0,0.0,0.18011599779129028,0.07013227045536041,-0.6252635717391968,0.6579906940460205,0.1469779908657074
2025-09-26_20-20-21-410567f0,410567f0,waldo_3,10.0,0,1,0,1.0,0.0,0.0,0.0,0.0,1.0,0.0,0.0,0.23013000190258026,0.25094935297966003,0.9476063847541809,0.41043317317962646,0.18809780478477478
2025-09-26_20-20-21-410567f0,410567f0,waldo_3,10.0,0,0,0,1.0,0.0,0.0,0.0,1.0,0.0,0.0,0.0,0.23025000095367432,0.10464192181825638,0.9577305316925049,0.3067125380039215,0.2019527703523636
2025-09-26_20-20-21-410567f0,410567f0,waldo_3,10.0,0,0,1,1.0,0.0,0.0,0.0,1.0,0.0,0.0,0.0,0.11512500047683716,0.05407002940773964,-0.11537797749042511,0.357269287109375,0.18278032541275024
2025-09-26_20-20-21-410567f0,410567f0,waldo_3,10.0,1,0,2,0.0,1.0,0.0,0.0,1.0,0.0,0.0,0.0,0.24525000154972076,0.16110625863075256,0.08687888830900192,0.512411892414093,0.22620843350887299
2025-09-26_20-20-21-410567f0,410567f0,waldo_3,10.0,2,1,2,0.0,0.0,1.0,0.0,0.0,1.0,0.0,0.0,0.24025000631809235,0.47123271226882935,0.6358414888381958,0.317358136177063,0.6551773548126221
2025-09-26_20-20-21-410567f0,410567f0,waldo_3,10.0,2,2,2,0.0,0.0,1.0,0.0,0.0,0.0,1.0,0.0,0.16512499749660492,0.024714019149541855,0.9982043504714966,0.2926445007324219,0.6553167104721069
2025-09-26_20-20-21-410567f0,410567f0,waldo_3,10.0,2,2,2,0.0,0.0,1.0,0.0,0.0,0.0,1.0,0.0,0.3503749966621399,0.07676307111978531,0.34937500953674316,0.3276284337043762,0.7236445546150208
2025-09-26_20-20-21-410567f0,410567f0,waldo_3,10.0,2,2,2,0.0,0.0,1.0,0.0,0.0,0.0,1.0,0.0,0.2652600109577179,0.11860896646976471,0.33105677366256714,0.3876660466194153,0.8259361982345581
2025-09-26_20-20-21-410567f0,410567f0,waldo_3,10.0,2,2,3,0.0,0.0,1.0,0.0,0.0,0.0,1.0,0.0,0.2602500021457672,0.04709096997976303,-0.06019901484251022,0.433917373418808,0.8170832991600037
2025-09-26_20-20-21-410567f0,410567f0,waldo_3,10.0,3,2,2,0.0,0.0,0.0,1.0,0.0,0.0,1.0,0.0,0.37537500262260437,0.1076715886592865,0.13934767246246338,0.5314352512359619,0.8627278804779053
2025-09-26_20-20-21-410567f0,410567f0,waldo_3,10.0,2,3,0,0.0,0.0,1.0,0.0,0.0,0.0,0.0,1.0,0.360260009765625,0.15531878173351288,-0.5741491317749023,0.49558067321777344,0.7116041779518127
2025-09-26_20-20-21-410567f0,410567f0,waldo_3,10.0,0,2,0,1.0,0.0,0.0,0.0,0.0,0.0,1.0,0.0,0.30524200201034546,0.3320830762386322,-0.7693390846252441,0.24693800508975983,0.49147695302963257
2025-09-26_20-20-21-410567f0,410567f0,waldo_3,10.0,0,0,0,1.0,0.0,0.0,0.0,1.0,0.0,0.0,0.0,0.13012999296188354,0.08283085376024246,-0.06733524799346924,0.3279224634170532,0.4740853011608124
2025-09-26_20-20-21-410567f0,410567f0,waldo_3,10.0,0,0,0,1.0,0.0,0.0,0.0,1.0,0.0,0.0,0.0,0.2602500021457672,0.3045266270637512,-0.5479900240898132,0.2821842133998871,0.17301307618618011
2025-09-26_20-20-21-410567f0,410567f0,waldo_3,10.0,0,0,1,1.0,0.0,0.0,0.0,1.0,0.0,0.0,0.0,0.2752569913864136,0.10919633507728577,-0.6390791535377502,0.2359766960144043,0.07407519966363907
2025-09-26_20-20-21-410567f0,410567f0,waldo_3,10.0,1,0,1,0.0,1.0,0.0,0.0,1.0,0.0,0.0,0.0,0.33537501096725464,0.37230005860328674,0.046195514500141144,0.604362964630127,0.12791670858860016
2025-09-26_20-20-21-410567f0,410567f0,waldo_3,10.0,1,1,1,0.0,1.0,0.0,0.0,0.0,1.0,0.0,0.0,1.1059989929199219,0.2093016803264618,0.08894456923007965,0.8055465221405029,0.1856432557106018
2025-09-26_20-20-21-410567f0,410567f0,waldo_4,10.0,1,1,0,0.0,1.0,0.0,0.0,0.0,1.0,0.0,0.0,0.15012000501155853,0.022283796221017838,-0.35551053285598755,0.6339963674545288,0.4090680480003357
2025-09-26_20-20-21-410567f0,410567f0,waldo_4,10.0,0,1,0,1.0,0.0,0.0,0.0,0.0,1.0,0.0,0.0,0.15011799335479736,0.3673178553581238,-0.8340408802032471,0.31548234820365906,0.22611670196056366
2025-09-26_20-20-21-410567f0,410567f0,waldo_4,10.0,0,0,0,1.0,0.0,0.0,0.0,1.0,0.0,0.0,0.0,0.4855000078678131,0.05445129796862602,0.6331599950790405,0.2933621108531952,0.27587249875068665
2025-09-26_20-20-21-410567f0,410567f0,waldo_4,10.0,0,0,1,1.0,0.0,0.0,0.0,1.0,0.0,0.0,0.0,0.2252500057220459,0.15372875332832336,0.010759061202406883,0.4470030665397644,0.2810676097869873
2025-09-26_20-20-21-410567f0,410567f0,waldo_4,10.0,1,0,1,0.0,1.0,0.0,0.0,1.0,0.0,0.0,0.0,0.17511600255966187,0.128400519490242,0.057663653045892715,0.5733024477958679,0.3042010962963104
2025-09-26_20-20-21-410567f0,410567f0,waldo_4,10.0,1,1,0,0.0,1.0,0.0,0.0,0.0,1.0,0.0,0.0,0.23012399673461914,0.19396109879016876,0.45352765917778015,0.6015197038650513,0.49609869718551636
2025-09-26_20-20-21-410567f0,410567f0,waldo_4,10.0,0,1,0,1.0,0.0,0.0,0.0,0.0,1.0,0.0,0.0,0.13512499630451202,0.17939946055412292,-0.7011209726333618,0.4955609142780304,0.35133373737335205
2025-09-26_20-20-21-410567f0,410567f0,waldo_4,10.0,0,0,0,1.0,0.0,0.0,0.0,1.0,0.0,0.0,0.0,0.39537501335144043,0.060609519481658936,-0.6990382075309753,0.46008384227752686,0.30219218134880066
2025-09-26_20-20-21-410567f0,410567f0,waldo_4,10.0,0,0,0,1.0,0.0,0.0,0.0,1.0,0.0,0.0,0.0,0.3753789961338043,0.24369174242019653,0.9170769453048706,0.22461460530757904,0.36496078968048096
2025-09-26_20-20-21-410567f0,410567f0,waldo_4,10.0,0,0,0,1.0,0.0,0.0,0.0,1.0,0.0,0.0,0.0,0.20024999976158142,0.15716597437858582,0.0879378616809845,0.37582099437713623,0.40783002972602844
2025-09-26_20-20-21-410567f0,410567f0,waldo_4,10.0,0,0,0,1.0,0.0,0.0,0.0,1.0,0.0,0.0,0.0,0.40036600828170776,0.08119134604930878,0.48977750539779663,0.37842798233032227,0.4889795184135437
2025-09-26_20-20-21-410567f0,410567f0,waldo_4,10.0,0,0,2,1.0,0.0,0.0,0.0,1.0,0.0,0.0,0.0,0.11512500047683716,0.04429664462804794,-0.11438439041376114,0.4198952317237854,0.4734019339084625
2025-09-26_20-20-21-410567f0,410567f0,waldo_4,10.0,2,0,2,0.0,0.0,1.0,0.0,1.0,0.0,0.0,0.0,0.30037400126457214,0.2970103323459625,0.43026334047317505,0.4844461977481842,0.763312816619873
2025-09-26_20-20-21-410567f0,410567f0,waldo_4,10.0,2,2,2,0.0,0.0,1.0,0.0,0.0,0.0,1.0,0.0,0.2852500081062317,0.12468280643224716,-0.7961187362670898,0.38447678089141846,0.6888015866279602
2025-09-26_20-20-21-410567f0,410567f0,waldo_4,10.0,2,2,3,0.0,0.0,1.0,0.0,0.0,0.0,1.0,0.0,0.195250004529953,0.0798628181219101,0.9553735852241516,0.30539754033088684,0.6999615430831909
2025-09-26_20-20-21-410567f0,410567f0,waldo_4,10.0,3,2,3,0.0,0.0,0.0,1.0,0.0,0.0,1.0,0.0,0.2952499985694885,0.28212055563926697,0.036728546023368835,0.5856420993804932,0.7324422001838684
2025-09-26_20-20-21-410567f0,410567f0,waldo_4,10.0,3,3,3,0.0,0.0,0.0,1.0,0.0,0.0,0.0,1.0,0.46537500619888306,0.08446656912565231,0.2440267950296402,0.6464791893959045,0.7910377979278564
2025-09-26_20-20-21-410567f0,410567f0,waldo_4,10.0,3,3,3,0.0,0.0,0.0,1.0,0.0,0.0,0.0,1.0,0.1702599972486496,0.1090695708990097,0.33465370535850525,0.7006217241287231,0.8857202529907227
2025-09-26_20-20-21-410567f0,410567f0,waldo_4,10.0,3,3,3,0.0,0.0,0.0,1.0,0.0,0.0,0.0,1.0,0.1601240038871765,0.06122744455933571,0.3050782382488251,0.7358155250549316,0.9358221292495728
2025-09-26_20-20-21-410567f0,410567f0,waldo_4,10.0,3,3,3,0.0,0.0,0.0,1.0,0.0,0.0,0.0,1.0,0.2602500021457672,0.08245991170406342,0.03484196215867996,0.817781925201416,0.9448301196098328
2025-09-26_20-20-21-410567f0,410567f0,waldo_4,10.0,3,3,3,0.0,0.0,0.0,1.0,0.0,0.0,0.0,1.0,0.39524900913238525,0.2055964320898056,-0.4443374574184418,0.85355144739151,0.7423691153526306
2025-09-26_20-20-21-410567f0,410567f0,waldo_4,10.0,3,3,2,0.0,0.0,0.0,1.0,0.0,0.0,0.0,1.0,0.1901250034570694,0.02924903854727745,0.9946096539497375,0.8243066072463989,0.7428644299507141
2025-09-26_20-20-21-410567f0,410567f0,waldo_4,10.0,2,3,2,0.0,0.0,1.0,0.0,0.0,0.0,0.0,1.0,0.15012599527835846,0.5026337504386902,0.9341745376586914,0.33238211274147034,0.846068263053894
2025-09-26_20-20-21-410567f0,410567f0,waldo_4,10.0,2,2,2,0.0,0.0,1.0,0.0,0.0,0.0,1.0,0.0,0.24525000154972076,0.11890152841806412,0.9452790021896362,0.2152332365512848,0.8664081692695618
2025-09-26_20-20-21-410567f0,410567f0,waldo_4,10.0,2,2,2,0.0,0.0,1.0,0.0,0.0,0.0,1.0,0.0,0.31025001406669617,0.045325931161642075,0.925767719745636,0.17113427817821503,0.8768830299377441
2025-09-26_20-20-21-410567f0,410567f0,waldo_4,10.0,2,2,0,0.0,0.0,1.0,0.0,0.0,0.0,1.0,0.0,0.40537500381469727,0.18148955702781677,-0.4817306697368622,0.18154512345790863,0.6956923007965088
2025-09-26_20-20-21-410567f0,410567f0,waldo_4,10.0,0,2,0,1.0,0.0,0.0,0.0,0.0,0.0,1.0,0.0,0.19512499868869781,0.5197258591651917,-0.463467538356781,0.24106326699256897,0.17938563227653503
2025-09-26_20-20-21-410567f0,410567f0,waldo_4,10.0,0,0,0,1.0,0.0,0.0,0.0,1.0,0.0,0.0,0.0,0.25024399161338806,0.05854548141360283,-0.700249195098877,0.20661401748657227,0.13204829394817352
2025-09-26_20-20-21-410567f0,410567f0,waldo_4,10.0,0,0,1,1.0,0.0,0.0,0.0,1.0,0.0,0.0,0.0,0.4053739905357361,0.09311805665493011,0.22472728788852692,0.2774733304977417,0.19246293604373932
